machine_id,timestamp,cycle_time,temperature,vibration,downtime,reason
M3,2025-08-01 08:00:00,32.483570765056164,68.61735698828815,0.06295377076201385,0,None
M2,2025-08-01 08:01:00,37.61514928204013,72.79041292200138,0.07021030569613053,0,None
M2,2025-08-01 08:02:00,27.65262807032524,75.42560043585965,0.04073164614375076,0,None
M2,2025-08-01 08:03:00,27.671351232148716,43.874509873063985,0.06900739364793806,0,None
M3,2025-08-01 08:04:00,24.93584439832788,73.14247332595274,0.03183951848957578,0,None
M1,2025-08-01 08:05:00,22.938481493323543,63.70525039075749,0.061954409338252164,0,None
M3,2025-08-01 08:06:00,27.278086377374088,71.10922589709867,0.026980128451553946,0,None
M3,2025-08-01 08:07:00,31.87849009172836,63.99746149894088,0.06894879642093278,0,None
M3,2025-08-01 08:08:00,26.991466938853016,88.52278184508938,0.04973005550524132,0,None
M2,2025-08-01 08:09:00,24.711445355220498,67.70549546168043,0.05778697826512247,0,None
M1,2025-08-01 08:10:00,31.044317975023777,50.403298761202244,0.02343627902203139,1,None
M2,2025-08-01 08:11:00,30.984306179345616,72.18638316053863,0.06763522077897222,1,Lubrication Issue
M3,2025-08-01 08:12:00,29.421758588058797,66.98896304410711,0.020429560192651453,0,None
M2,2025-08-01 08:13:00,26.400778958026457,56.53321902638654,0.03238817467905787,0,None
M3,2025-08-01 08:14:00,31.620419846973974,66.14917719583684,0.03646155999388083,0,None
M1,2025-08-01 08:15:00,33.058381444204336,75.8212279471304,0.06775496919186715,0,None
M1,2025-08-01 08:16:00,25.803912383886807,66.90787624148786,0.05662526862807128,0,None
M3,2025-08-01 08:17:00,34.877725635611796,68.22267878729345,0.041792333826273995,0,None
M1,2025-08-01 08:18:00,34.06262911197099,83.56240028570824,0.04855979756839333,0,None
M3,2025-08-01 08:19:00,35.01766448946012,79.72963533755788,0.06591190927791885,0,None
M3,2025-08-01 08:20:00,29.820869804450243,85.64643655814007,-0.0023949020817948877,0,None
M2,2025-08-01 08:21:00,34.10951252187612,55.81249541408597,0.07084983234678842,0,None
M1,2025-08-01 08:22:00,28.90164056081244,73.57112571511746,0.07955788089483032,0,None
M3,2025-08-01 08:23:00,27.40864890863176,67.87838578288374,0.041462624119205545,0,None
M2,2025-08-01 08:24:00,34.57701058851037,73.28751109659684,0.03940479592465923,0,None
M3,2025-08-01 08:25:00,32.56633716556678,83.71862133549777,0.05351106587909665,0,None
M1,2025-08-01 08:26:00,26.489734530613237,66.72337853402232,0.04215783693735685,0,None
M1,2025-08-01 08:27:00,22.682425259339407,43.4482395243653,0.056910358877775326,0,None
M3,2025-08-01 08:28:00,28.286427417366152,61.97722730778381,0.04677428576667982,0,None
M1,2025-08-01 08:29:00,32.02025428407269,60.56943191532738,0.07807917477318588,1,Bearing Fault
M3,2025-08-01 08:30:00,20.406143923504793,69.73486124550783,0.05120460419882053,0,None
M3,2025-08-01 08:31:00,42.316210562426434,74.77754099433527,0.044819427105222194,0,None
M3,2025-08-01 08:32:00,29.826441151473784,58.31321962380468,0.07285645629030041,0,None
M3,2025-08-01 08:33:00,33.75966516343387,61.98172156650306,0.07768031437865357,0,None
M3,2025-08-01 08:34:00,32.93428546900135,91.90455625809979,0.030189273497386235,0,None
M3,2025-08-01 08:35:00,27.16851135198614,87.06604953678462,0.06747178831270759,0,None
M1,2025-08-01 08:36:00,22.246682844669337,70.68562974806028,0.028753925725477903,0,None
M2,2025-08-01 08:37:00,32.36796215317591,76.20548215961735,0.04678125246273874,0,None
M2,2025-08-01 08:38:00,26.083733538318814,66.77938483794324,0.0662703443473934,0,None
M2,2025-08-01 08:39:00,23.845678417830225,83.63886524417106,0.10078325432538665,0,None
M3,2025-08-01 08:40:00,31.299413971242117,77.81822871777311,0.025260985782438364,0,None
M2,2025-08-01 08:41:00,23.397716934578618,76.17640845511144,0.07434141593960221,0,None
M1,2025-08-01 08:42:00,31.465362366493405,62.85648581973632,0.08731549022289514,0,None
M1,2025-08-01 08:43:00,32.36916460455894,77.34501064880045,0.030910054760771594,0,None
M1,2025-08-01 08:44:00,35.79297789503702,61.7931768164829,0.06926752258488644,0,None
M3,2025-08-01 08:45:00,32.063904634682494,61.323589100206256,0.05291723704856619,0,None
M3,2025-08-01 08:46:00,25.552427851872384,61.841897150345616,0.04845796581171792,0,None
M2,2025-08-01 08:47:00,31.70575987408322,82.09381970686634,0.06075920007383992,0,None
M3,2025-08-01 08:48:00,28.67671583381022,97.20169166589619,0.06251334695530013,0,None
M3,2025-08-01 08:49:00,25.714212217918586,70.41980064470023,0.04725456365804368,0,None
M2,2025-08-01 08:50:00,28.882686073370746,77.14000494092092,0.0594647524914709,1,Power Failure
M3,2025-08-01 08:51:00,29.635855436715637,65.47537767655331,0.06554099589807216,0,None
M3,2025-08-01 08:52:00,27.767425239664895,78.56398794323472,0.05428187488260408,1,Lubrication Issue
M3,2025-08-01 08:53:00,23.771306106440058,76.30074938601008,0.08525874944606457,0,None
M3,2025-08-01 08:54:00,30.29104359223,58.57029702169377,0.05715574720696567,0,None
M3,2025-08-01 08:55:00,32.803922631841175,60.409919035732216,0.07764009208343886,0,None
M2,2025-08-01 08:56:00,32.5751763360433,75.1378595091221,0.06030095372612096,0,None
M3,2025-08-01 08:57:00,49.26365745327361,83.30881327972085,0.06976405221008224,0,None
M2,2025-08-01 08:58:00,28.42365377679827,77.58969220493267,0.03454349570924857,0,None
M3,2025-08-01 08:59:00,28.815906966299956,69.60363857960381,0.03930674516299872,0,None
M3,2025-08-01 09:00:00,33.431300951872565,53.87284128810349,0.04056136268421133,0,None
M1,2025-08-01 09:01:00,35.44475298483683,85.60380141132879,0.05257102000142162,0,None
M1,2025-08-01 09:02:00,26.34816684141432,72.16458589581976,0.050911436798076276,0,None
M1,2025-08-01 09:03:00,26.741998261970913,83.63435490951704,0.0665753195520975,1,Overheating
M3,2025-08-01 09:04:00,19.874287066711965,71.86454314769428,0.03676427070463224,0,None
M3,2025-08-01 09:05:00,34.26216667398112,62.28180922243245,0.08322603461216309,0,None
M3,2025-08-01 09:06:00,27.62527344419522,63.46670767426288,0.08530908480562194,0,None
M3,2025-08-01 09:07:00,32.024908554804774,73.77296265460409,0.08302701972958981,0,None
M1,2025-08-01 09:08:00,22.403150170229935,65.15765927133748,0.07533822298373245,0,None
M1,2025-08-01 09:09:00,26.461652671906094,67.62608038793331,0.08744011360944609,0,None
M3,2025-08-01 09:10:00,13.793663299654636,59.756123586657104,0.044948636972136795,0,None
M1,2025-08-01 09:11:00,23.761084090175753,85.43067651859084,0.07646527614302473,0,None
M2,2025-08-01 09:12:00,37.20636644533058,55.6413784882056,0.0732632750430992,0,None
M3,2025-08-01 09:13:00,30.051165305097935,67.97542474168449,0.05121793214234321,0,None
M3,2025-08-01 09:14:00,30.56758672625624,76.62130674521046,0.08172033632290704,0,None
M1,2025-08-01 09:15:00,23.810922505865754,76.86848512765971,0.05141944831279492,0,None
M2,2025-08-01 09:16:00,31.404959338675162,63.77300480179406,0.045837554992854496,0,None
M1,2025-08-01 09:17:00,27.534995326705836,63.777628350937206,0.042890227181672805,0,None
M3,2025-08-01 09:18:00,34.49799937716625,73.07299520876609,0.06625724237677921,0,None
M3,2025-08-01 09:19:00,33.14814420961806,75.51737010465074,0.035797440841450326,0,None
M2,2025-08-01 09:20:00,29.89549203017926,71.17327383308782,0.07555329791576851,0,None
M3,2025-08-01 09:21:00,27.04214305582085,85.52859775839326,0.04120964249051446,0,None
M2,2025-08-01 09:22:00,36.52739403577164,70.21003841632759,0.06363905942589929,0,None
M3,2025-08-01 09:23:00,28.44866621703272,67.28959537711458,0.037738106341832445,1,None
M2,2025-08-01 09:24:00,30.48497982496359,75.95157025436913,0.03363558633533055,0,None
M3,2025-08-01 09:25:00,40.4619363784273,82.04922921778574,0.02606679061572956,0,None
M3,2025-08-01 09:26:00,33.12059908526078,76.2834550926428,0.04975506454306171,0,None
M2,2025-08-01 09:27:00,25.51372814257084,49.099822513697205,0.08540863033133438,0,None
M2,2025-08-01 09:28:00,25.872514016037442,66.78614158347007,0.05825862908551249,0,None
M1,2025-08-01 09:29:00,27.181377235980126,65.6669659309744,0.054076454550549345,0,None
M1,2025-08-01 09:30:00,27.644808471908387,72.32049937357637,0.02103831317005352,0,None
M1,2025-08-01 09:31:00,22.962681128117225,63.35772556695577,0.07720222732496343,0,None
M2,2025-08-01 09:32:00,31.554537827990025,84.75356216949552,0.06715319246404039,0,None
M3,2025-08-01 09:33:00,29.200307350182864,66.97675757923692,0.04990874342019408,0,None
M1,2025-08-01 09:34:00,31.613592801690448,61.727690564476774,0.06038693028482345,1,Lubrication Issue
M1,2025-08-01 09:35:00,37.66369456501289,55.54390027527917,0.03311726172964521,0,None
M1,2025-08-01 09:36:00,31.120462409052084,70.12592400781794,0.051953521970976635,1,Lubrication Issue
M3,2025-08-01 09:37:00,26.13495108072267,92.75761297567203,0.05812453370099857,0,None
M3,2025-08-01 09:38:00,40.76591228755778,62.326524371119504,0.06744641273441357,0,None
M1,2025-08-01 09:39:00,30.91671002869176,68.8906806437049,0.06952618252962206,0,None
M3,2025-08-01 09:40:00,25.801390789096118,64.00607354555977,0.007522085513803865,0,None
M3,2025-08-01 09:41:00,27.371224891596196,50.87293482935781,0.05724952917610605,0,None
M2,2025-08-01 09:42:00,25.50792664325821,74.91919171506505,0.02359533585958716,1,Overheating
M1,2025-08-01 09:43:00,39.157293829271765,69.26388884208093,0.04435557622025579,0,None
M1,2025-08-01 09:44:00,21.434327354545612,83.53872374165412,0.047709203094947646,0,None
M1,2025-08-01 09:45:00,36.18908155986731,68.91371335911144,0.04889030083404653,0,None
M2,2025-08-01 09:46:00,30.026218498590914,70.46980593764742,0.04099869057041513,0,None
M2,2025-08-01 09:47:00,33.114249661737496,56.31409884458143,0.0607098361995041,0,None
M3,2025-08-01 09:48:00,22.32942914632189,82.7767682189851,0.05664628023959184,0,None
M2,2025-08-01 09:49:00,26.25756731721723,71.14861468213896,0.08102525709465942,0,None
M3,2025-08-01 09:50:00,40.303739624409936,87.55340842443204,0.04502071703041853,0,None
M1,2025-08-01 09:51:00,34.85785475477178,84.89045173884479,0.06755650336960228,0,None
M2,2025-08-01 09:52:00,35.292122434247936,52.41260513576886,0.0263348297466845,1,Power Failure
M2,2025-08-01 09:53:00,19.803839111199498,72.00134419173423,0.006582683437391802,0,None
M3,2025-08-01 09:54:00,38.14307772785646,56.198985417851084,0.015932351212896906,0,None
M1,2025-08-01 09:55:00,29.722261505516904,69.93800860326128,0.058062386541711544,0,None
M2,2025-08-01 09:56:00,23.477652497475734,76.69672548830039,0.05733196492193697,0,None
M2,2025-08-01 09:57:00,25.300601068363225,77.47368031611802,0.04418615383937914,0,None
M1,2025-08-01 09:58:00,25.07136976832228,75.04046515517844,0.03939484763255119,0,None
M3,2025-08-01 09:59:00,26.03563583868828,55.65911130767476,0.046169343521734144,0,None
M1,2025-08-01 10:00:00,39.82362566458195,70.35263551971728,0.03600548984014829,0,None
M3,2025-08-01 10:01:00,31.06989955367111,78.5135426460051,0.03759272554928896,0,None
M2,2025-08-01 10:02:00,27.34749426194736,64.2418175935532,0.04449896605696712,0,None
M2,2025-08-01 10:03:00,18.490394176322077,63.734758173114564,0.006157398875160425,0,None
M3,2025-08-01 10:04:00,32.88278481527883,73.11250154543536,0.11157761616910475,0,None
M2,2025-08-01 10:05:00,35.59787455717289,85.23787410193809,0.0008650588627304168,0,None
M3,2025-08-01 10:06:00,26.218246273578483,55.77746290402326,0.03706854231514947,0,None
M2,2025-08-01 10:07:00,24.592259981928024,72.18222732531096,0.06821128244742161,0,None
M3,2025-08-01 10:08:00,29.960136793416915,84.79944138890026,0.05154736615295237,0,None
M1,2025-08-01 10:09:00,25.69357899335868,65.59495441126475,0.08164076365927561,0,None
M3,2025-08-01 10:10:00,25.621908733076214,56.172002690356635,0.06852355095063284,0,None
M2,2025-08-01 10:11:00,39.54708320235065,70.27690931616213,0.05254730957074312,0,None
M1,2025-08-01 10:12:00,26.746787154390866,65.12874616235304,0.03815212151522262,0,None
M3,2025-08-01 10:13:00,25.68004615160092,44.97240478337785,0.06369284403110337,1,Power Failure
M1,2025-08-01 10:14:00,28.80525976566795,60.92436337958402,0.03846457338863335,0,None
M2,2025-08-01 10:15:00,33.77695612912878,75.28316609630376,0.05415006970318272,0,None
M1,2025-08-01 10:16:00,21.652973594393142,75.43360192379934,0.036747524821083066,0,None
M2,2025-08-01 10:17:00,32.852993342965796,72.79757349786709,-0.004819096889194033,0,None
M2,2025-08-01 10:18:00,31.29861250860741,60.956833748955916,0.06277184917554748,0,None
M1,2025-08-01 10:19:00,21.6923996886552,97.8377742348905,0.01777988780089558,0,None
M3,2025-08-01 10:20:00,25.69793317358024,66.15444455770175,0.07012585618428882,0,None
M3,2025-08-01 10:21:00,27.115540652384254,81.06329104828443,0.06543276298602672,0,None
M2,2025-08-01 10:22:00,17.641777499363553,62.03104744529523,0.061541442543610804,0,None
M3,2025-08-01 10:23:00,28.984773069785035,71.69729284390374,0.05178787838291299,0,None
M1,2025-08-01 10:24:00,30.4329489373645,68.44322764607921,0.07335564123319616,0,None
M2,2025-08-01 10:25:00,31.272104216506065,64.05483947275751,0.06176657036921285,0,None
M3,2025-08-01 10:26:00,31.972260711891483,65.79015519179737,0.05579549713792826,0,None
M2,2025-08-01 10:27:00,40.37700399322719,67.29796681322462,0.06895233875322819,0,None
M1,2025-08-01 10:28:00,19.80937732411073,59.91913689082596,0.012584161579482889,0,None
M3,2025-08-01 10:29:00,28.24243257979346,54.197480632564734,0.05032106837287862,0,None
M3,2025-08-01 10:30:00,34.14702790591745,47.88864690992115,0.05471229116217132,0,None
M1,2025-08-01 10:31:00,33.85432596943483,71.65194380120577,0.06137873348939284,0,None
M2,2025-08-01 10:32:00,31.69248203747207,65.84712086099199,0.0626556373221257,0,None
M2,2025-08-01 10:33:00,41.35346428902198,65.12604976078852,0.05807641117358611,0,None
M3,2025-08-01 10:34:00,34.15167908272123,61.43916174091133,0.05143132474438785,0,None
M3,2025-08-01 10:35:00,27.611712766174417,66.52473266227045,0.06658277369170537,0,None
M2,2025-08-01 10:36:00,28.650625323533145,60.21236284217693,0.04111413479847777,0,None
M3,2025-08-01 10:37:00,31.88650246522426,79.63850318715362,0.06947114895040249,0,None
M1,2025-08-01 10:38:00,32.067174516118506,88.76795812558066,0.034524216017928544,0,None
M3,2025-08-01 10:39:00,23.776726483442914,71.70594203580863,0.06671130796699808,0,None
M2,2025-08-01 10:40:00,33.27182828177029,69.44415329089544,0.05559937252639641,0,None
M1,2025-08-01 10:41:00,24.372554763508116,67.97153780329847,0.050938308699005175,0,None
M3,2025-08-01 10:42:00,30.546973973024464,77.25766623898691,0.05962018463473427,0,None
M1,2025-08-01 10:43:00,31.119420121395656,72.50243932573649,0.027204911436865882,0,None
M1,2025-08-01 10:44:00,37.965933133196984,64.88784323568815,0.030207903594828386,1,None
M1,2025-08-01 10:45:00,29.37106539950176,95.38691101737487,0.06047905334215588,0,None
M3,2025-08-01 10:46:00,29.209960507105052,65.7311893005258,0.029757912494796653,0,None
M3,2025-08-01 10:47:00,21.725716640671152,67.70120428553614,0.06256280026961339,0,None
M2,2025-08-01 10:48:00,28.32107650354936,86.69021525289392,0.044808172972727905,0,None
M1,2025-08-01 10:49:00,22.48428523440947,69.93346545368763,0.023617099095961106,0,None
M1,2025-08-01 10:50:00,28.84532734895661,76.96206364813418,0.08697912189890691,0,None
M1,2025-08-01 10:51:00,35.632825147738785,59.828078294546096,0.06033338617296246,1,Lubrication Issue
M3,2025-08-01 10:52:00,28.655556547225846,58.934740912583294,0.10146719606499721,0,None
M3,2025-08-01 10:53:00,30.29609217007244,62.1745629476552,0.06348560937493551,0,None
M1,2025-08-01 10:54:00,27.131689965598817,64.53141058759608,0.04934493459568003,0,None
M1,2025-08-01 10:55:00,27.282876144331176,83.88582269040288,-0.003187027140987453,0,None
M3,2025-08-01 10:56:00,36.23042596248815,49.2660976759185,0.04314624811839303,0,None
M2,2025-08-01 10:57:00,28.142795670021044,68.50122033237538,0.06055529521863322,0,None
M3,2025-08-01 10:58:00,24.447120772670857,87.52270443423623,0.06871356786294923,0,None
M3,2025-08-01 10:59:00,36.35777547497079,62.9552989654047,0.035433697001042284,0,None
M2,2025-08-01 11:00:00,27.37739866860113,74.89374561227918,0.025557443822161095,0,None
M1,2025-08-01 11:01:00,33.56499215086194,78.13863908123605,0.031191724508641955,0,None
M2,2025-08-01 11:02:00,28.1951691709046,81.59329803364248,0.028378733448002055,0,None
M2,2025-08-01 11:03:00,33.07967803472132,53.302208279316,0.08529373868525437,0,None
M3,2025-08-01 11:04:00,27.386384897404803,80.49009225836889,0.035913126189144814,0,None
M1,2025-08-01 11:05:00,22.957693518182204,77.5635156928738,0.021739513093164454,0,None
M1,2025-08-01 11:06:00,19.59035296058139,86.96456368290038,0.05422034934405237,0,None
M3,2025-08-01 11:07:00,29.516434440648037,79.71822690172735,0.049380834987268536,0,None
M3,2025-08-01 11:08:00,28.18193893893072,69.43054376278933,0.05615603537784119,0,None
M1,2025-08-01 11:09:00,21.449158036716874,63.771454968987165,0.04163713931981457,0,None
M2,2025-08-01 11:10:00,30.092169665326967,73.47581705361671,0.03920480639381277,0,None
M1,2025-08-01 11:11:00,26.108476372988438,53.70407014023672,0.06103727310619002,0,None
M1,2025-08-01 11:12:00,35.14577818662822,74.72597482413043,0.055120594686277516,0,None
M3,2025-08-01 11:13:00,34.91345491972757,59.96242108436629,0.06020592779164647,1,Power Failure
M1,2025-08-01 11:14:00,20.795628843341774,57.204230332642986,0.03750362844608643,0,None
M1,2025-08-01 11:15:00,30.13045525105417,66.5198691370316,0.05397116725792584,0,None
M3,2025-08-01 11:16:00,26.942410985040258,55.93338903151778,0.03153533507778192,0,None
M2,2025-08-01 11:17:00,23.24157697191833,75.73966959201675,0.014928525641826264,0,None
M2,2025-08-01 11:18:00,32.466589504404446,71.84836123694873,0.03283284439637573,0,None
M2,2025-08-01 11:19:00,33.501549397044954,76.07566864331359,0.019616400340276462,0,None
M3,2025-08-01 11:20:00,42.800422691343975,69.03940100275351,0.07298546652571353,0,None
M2,2025-08-01 11:21:00,26.48411787437056,71.7984541872806,0.043302954552477735,0,None
M2,2025-08-01 11:22:00,26.865164711061162,88.12448557996929,0.06415503870910952,0,None
M2,2025-08-01 11:23:00,27.18766612052866,59.12219064738238,0.0685896501468954,0,None
M3,2025-08-01 11:24:00,26.364314120875658,67.52481364448495,0.04851133141799908,0,None
M2,2025-08-01 11:25:00,33.10336048775339,80.645686780267,0.05239211337774139,0,None
M3,2025-08-01 11:26:00,32.7989522396552,80.80780725554622,0.06667844309097809,0,None
M3,2025-08-01 11:27:00,32.29590039614219,54.73448138302253,0.0488419018532443,1,None
M1,2025-08-01 11:28:00,32.14809109566293,72.07687687163111,0.055431576743907474,1,Bearing Fault
M1,2025-08-01 11:29:00,23.616257120898453,74.46639731517085,0.04573455248068417,1,Bearing Fault
M3,2025-08-01 11:30:00,29.802224230716725,76.81500697372624,0.05056636752260923,0,None
M2,2025-08-01 11:31:00,30.148780697478728,55.9484007763554,0.060020666870346906,0,None
M3,2025-08-01 11:32:00,31.110668858168566,65.21251378336522,0.07511512251147041,0,None
M3,2025-08-01 11:33:00,25.52696348890248,74.12570396644122,0.011406308073716856,0,None
M2,2025-08-01 11:34:00,35.159222697343175,55.14439626963028,0.05534100531738518,0,None
M1,2025-08-01 11:35:00,34.44815397811718,77.13399590205445,0.0509403442624749,0,None
M2,2025-08-01 11:36:00,27.41355774949814,84.0934744018558,0.095977962472385,0,None
M1,2025-08-01 11:37:00,28.185807197801704,53.18179674866771,0.014828020000117056,0,None
M2,2025-08-01 11:38:00,27.899065914520712,67.18215391139493,0.023110989779314462,0,None
M2,2025-08-01 11:39:00,25.40674026757901,50.6632169889244,0.025852083367072513,0,None
M3,2025-08-01 11:40:00,34.92161199238292,67.86011155774491,0.049010725806951344,0,None
M1,2025-08-01 11:41:00,33.37409746083302,81.67102914383636,0.08242217115575431,0,None
M1,2025-08-01 11:42:00,26.81130007874342,64.69003044998182,0.037537189471504716,0,None
M2,2025-08-01 11:43:00,27.222614404198726,65.0403095367353,0.04663770208749413,1,Power Failure
M2,2025-08-01 11:44:00,37.102521239949276,64.29253706250523,0.03335288853791543,0,None
M2,2025-08-01 11:45:00,32.35707778193202,62.947892636702186,0.03592759874147108,0,None
M1,2025-08-01 11:46:00,37.737526006650306,87.95877673095522,0.03774422619031228,0,None
M3,2025-08-01 11:47:00,28.061492200320078,75.43499102789342,0.07167219307810942,0,None
M2,2025-08-01 11:48:00,29.11526386252975,62.01702755461546,0.022413615439709458,0,None
M3,2025-08-01 11:49:00,26.345349800290403,61.590912019521454,0.04983443850899902,0,None
M1,2025-08-01 11:50:00,27.411943504819142,72.23787951638899,0.04967154207854496,0,None
M2,2025-08-01 11:51:00,35.94196636724042,82.05628077952838,0.056862701020337476,0,None
M1,2025-08-01 11:52:00,33.409457448131555,88.46707325736034,0.06167856370651928,0,None
M3,2025-08-01 11:53:00,28.203539546064704,79.32996642650568,0.0584336984782452,0,None
M3,2025-08-01 11:54:00,34.10241090598682,75.07274031107298,0.07133349379178308,0,None
M3,2025-08-01 11:55:00,35.84647795222836,63.50808675096321,0.05961124214821495,0,None
M1,2025-08-01 11:56:00,29.164409598415727,71.46713686433323,0.07413017933016713,0,None
M2,2025-08-01 11:57:00,25.91532164506382,74.18252554786001,0.05800824058476874,0,None
M3,2025-08-01 11:58:00,30.955495340099517,70.46436548156149,0.022802877180401616,0,None
M2,2025-08-01 11:59:00,33.731267830136105,84.95133745517411,0.054272608488570205,0,None
M3,2025-08-01 12:00:00,31.246918418553776,85.77453279763475,0.04809408935226096,0,None
M1,2025-08-01 12:01:00,31.395107628851697,71.75545829890508,0.05817024696754852,0,None
M2,2025-08-01 12:02:00,35.36815874929886,59.7348470058894,0.05265939348293752,0,None
M3,2025-08-01 12:03:00,26.499395925304135,65.1986813230415,0.05255605394733566,0,None
M1,2025-08-01 12:04:00,27.205390763642058,73.7721187506452,0.08131048058468682,0,None
M3,2025-08-01 12:05:00,29.67124869463506,52.99006448061246,0.04187014246607476,1,Power Failure
M2,2025-08-01 12:06:00,22.75993049791878,48.01194043379918,0.05880028900106665,0,None
M2,2025-08-01 12:07:00,27.489728878236946,81.21853189426848,0.07621087649384427,0,None
M2,2025-08-01 12:08:00,33.251005889793305,69.00824136220618,0.08693273992095332,0,None
M1,2025-08-01 12:09:00,24.649576168369236,78.97888538760341,0.04586865663137342,0,None
M3,2025-08-01 12:10:00,23.74230287904778,84.4376460407326,0.048356976432148625,1,None
M1,2025-08-01 12:11:00,35.58647915794064,72.6966935739707,0.04539887128807235,0,None
M1,2025-08-01 12:12:00,32.84883640116102,74.47708560017315,0.06285445519735088,0,None
M2,2025-08-01 12:13:00,36.64576265066216,82.49201767487534,0.05982809134038995,0,None
M1,2025-08-01 12:14:00,26.61803848970365,88.00940432910815,0.04919684098711313,0,None
M3,2025-08-01 12:15:00,22.84612448940976,54.08595352503711,0.06129402125072312,0,None
M3,2025-08-01 12:16:00,27.769082833926102,51.10459269054469,0.04095387361501847,0,None
M1,2025-08-01 12:17:00,17.88060336685522,80.2352152246566,0.028127421078732104,0,None
M3,2025-08-01 12:18:00,25.165119284353935,69.5228864385802,0.04992794921818863,0,None
M1,2025-08-01 12:19:00,24.208176554037287,75.2488877866395,0.08563250180850734,0,None
M3,2025-08-01 12:20:00,31.04191403973776,49.58265131575709,0.045056452349588064,0,None
M2,2025-08-01 12:21:00,26.590078760011007,68.20988032882515,0.03536245828739566,0,None
M1,2025-08-01 12:22:00,38.988432634247616,76.4084286126701,0.03857642020434407,0,None
M2,2025-08-01 12:23:00,32.86291390678079,72.75510562348254,0.03402909368787635,0,None
M1,2025-08-01 12:24:00,30.29815184960087,63.53063222294426,0.0639644662722718,0,None
M3,2025-08-01 12:25:00,31.967426927108747,64.2053672592993,0.07178019963569549,0,None
M1,2025-08-01 12:26:00,36.58697032817163,71.975996046924,0.09150521745250531,0,None
M2,2025-08-01 12:27:00,26.55406090955216,66.3047838317777,0.05409098792181491,0,None
M3,2025-08-01 12:28:00,26.74290998192776,65.16114165945679,0.0435930538361136,1,Lubrication Issue
M1,2025-08-01 12:29:00,32.12082973200958,59.68423753129842,0.03941403524907561,0,None
M2,2025-08-01 12:30:00,29.878227038695087,91.42270358611864,0.08455086340201423,0,None
M2,2025-08-01 12:31:00,32.18161834837016,58.72172779498694,0.06128554776053473,0,None
M1,2025-08-01 12:32:00,28.713117312883274,53.314159261224106,0.05798446245210559,0,None
M3,2025-08-01 12:33:00,33.2359796985137,51.35668471690906,0.03196798507928855,0,None
M2,2025-08-01 12:34:00,31.12225909279986,80.47098302612154,0.08367855382915737,0,None
M2,2025-08-01 12:35:00,27.7055786856553,53.670477194580165,0.03854463150902949,0,None
M1,2025-08-01 12:36:00,37.38270174862948,83.80091354147451,0.03748874596980942,0,None
M3,2025-08-01 12:37:00,31.979017667187044,73.23800127605945,0.044170200420130194,0,None
M3,2025-08-01 12:38:00,32.71800077297216,66.29385667913894,0.0654339742129669,0,None
M1,2025-08-01 12:39:00,15.757286896849623,58.44431951894283,0.056384466843910935,0,None
M2,2025-08-01 12:40:00,23.526592621395473,81.6082678737852,0.040645975973762176,1,None
M2,2025-08-01 12:41:00,31.73251940865358,54.441013495101046,0.044552080590003824,0,None
M1,2025-08-01 12:42:00,30.384109455301278,57.1700777581143,0.0699253363889428,0,None
M1,2025-08-01 12:43:00,27.531217084193436,76.48924210506996,0.0221600732562398,0,None
M1,2025-08-01 12:44:00,28.256739327960705,66.50742295681572,0.04356729897565235,0,None
M1,2025-08-01 12:45:00,40.383739917804206,73.6265562225117,0.07597477007887593,0,None
M3,2025-08-01 12:46:00,28.704789270896484,68.03650150915021,0.04856797481171873,0,None
M1,2025-08-01 12:47:00,29.813888817450792,68.69084027230251,0.029300902709357347,1,Power Failure
M1,2025-08-01 12:48:00,30.393175951580453,50.01799315467892,0.06832655349404963,0,None
M2,2025-08-01 12:49:00,31.732442379489964,48.990811385480825,0.10875505694335547,0,None
M2,2025-08-01 12:50:00,35.54091408368758,59.60094072874469,0.0622554781012514,1,Lubrication Issue
M3,2025-08-01 12:51:00,24.73292218413172,72.76569152594928,0.03698572925309821,0,None
M2,2025-08-01 12:52:00,29.046587996183266,72.17432873179723,0.06740135461377508,1,Power Failure
M1,2025-08-01 12:53:00,32.47840943986302,69.6911236442842,0.0900681453436421,0,None
M2,2025-08-01 12:54:00,31.005495233574837,80.50654396007612,0.07211051865915968,0,None
M1,2025-08-01 12:55:00,35.9351515278019,59.104069017053476,0.08262251704563744,0,None
M2,2025-08-01 12:56:00,31.513177326195166,62.45724149980642,0.04871723306814015,0,None
M3,2025-08-01 12:57:00,31.6438120515174,73.40600019099858,0.07870363098380104,0,None
M2,2025-08-01 12:58:00,28.779216823546758,79.64087168288357,0.07378940977849281,0,None
M3,2025-08-01 12:59:00,23.86196092431504,77.21466273785074,0.06270793864429794,0,None
M1,2025-08-01 13:00:00,29.249722064837368,71.25576453471542,0.04653856351432261,0,None
M2,2025-08-01 13:01:00,30.077895237907338,57.21977416563624,0.01712518568823885,0,None
M3,2025-08-01 13:02:00,25.043038252718464,48.466098863962856,0.037220765046209955,0,None
M1,2025-08-01 13:03:00,23.38455103296251,71.6969379235202,0.03599768253589984,0,None
M3,2025-08-01 13:04:00,26.559248274111383,92.52435805344308,0.0696353097398319,0,None
M2,2025-08-01 13:05:00,28.37584308245689,65.45755724846738,0.0496012920950838,0,None
M3,2025-08-01 13:06:00,23.05213766618202,53.546012530431085,0.07045140864019281,0,None
M3,2025-08-01 13:07:00,42.19876203169636,76.79973075516756,0.06150937334988861,0,None
M2,2025-08-01 13:08:00,33.79464294893383,72.81191423969376,0.05208402207903753,0,None
M2,2025-08-01 13:09:00,29.687034360502388,68.11103312215525,0.061061465528809596,0,None
M3,2025-08-01 13:10:00,21.535215929023074,69.0166037320525,0.030228177856981654,0,None
M3,2025-08-01 13:11:00,24.482053413921143,50.878968389151396,0.05793677331697611,0,None
M2,2025-08-01 13:12:00,25.051859317148313,79.40771187988216,0.03035025212923381,0,None
M2,2025-08-01 13:13:00,28.876834250014877,60.30800389686234,0.06102074604485075,0,None
M1,2025-08-01 13:14:00,26.99316178024393,73.19781934142537,0.018140125329366617,1,None
M3,2025-08-01 13:15:00,32.202373689801995,83.97414703060372,0.04849711666379967,0,None
M1,2025-08-01 13:16:00,30.626122513239537,65.70594458874747,0.05244595006064568,0,None
M1,2025-08-01 13:17:00,32.716490145181936,67.16058189117466,0.0580238443265378,0,None
M3,2025-08-01 13:18:00,22.986973641001534,87.4957674318694,0.025122735292174302,0,None
M2,2025-08-01 13:19:00,26.53547401102046,78.02901618145685,0.03879103697020952,0,None
M3,2025-08-01 13:20:00,26.63254687878066,72.78994162223802,0.03329305893480486,0,None
M2,2025-08-01 13:21:00,40.72574563886694,75.24362747252911,0.035301791710444015,0,None
M3,2025-08-01 13:22:00,29.073561705611457,68.70179300266574,0.05087622943958219,0,None
M2,2025-08-01 13:23:00,29.264989991857558,54.630520399736795,0.055355024487289246,0,None
M1,2025-08-01 13:24:00,29.558589758243727,95.79709337654319,0.03392650864060538,0,None
M2,2025-08-01 13:25:00,38.195584027220335,79.76383953462103,0.07208098272966708,1,Lubrication Issue
M3,2025-08-01 13:26:00,32.84491539592638,86.28396623128538,0.04241744518025026,0,None
M1,2025-08-01 13:27:00,28.982098199488192,58.992207171633154,0.03577402750478925,0,None
M2,2025-08-01 13:28:00,30.17041734129613,62.30026768941358,0.054675718235814956,0,None
M3,2025-08-01 13:29:00,22.220521768981865,74.62626335381103,0.0923571189925178,0,None
M2,2025-08-01 13:30:00,36.13834496236646,57.90358981308795,0.08345144773675407,0,None
M3,2025-08-01 13:31:00,32.095095046830224,70.9643371879349,0.036382254359218366,1,None
M3,2025-08-01 13:32:00,32.693779962231844,60.79326406920634,0.05338721648072156,0,None
M2,2025-08-01 13:33:00,22.9314275154751,85.83465025384093,0.043864392142572595,0,None
M3,2025-08-01 13:34:00,35.45655060297135,76.09138120907177,0.028153744706548422,1,Overheating
M1,2025-08-01 13:35:00,28.41795775152599,70.72996755973358,0.06560156359433165,0,None
M2,2025-08-01 13:36:00,41.59664769990847,73.93317839394372,0.053840982329800634,0,None
M1,2025-08-01 13:37:00,28.454417678987493,75.03736046212425,0.06164791919968125,0,None
M1,2025-08-01 13:38:00,26.070052697460252,56.68767046442222,0.01327589253793407,0,None
M1,2025-08-01 13:39:00,32.53995663456272,91.5574316320679,0.0273709395869514,0,None
M2,2025-08-01 13:40:00,29.969645442300532,78.38490774451643,0.051636587170951306,0,None
M1,2025-08-01 13:41:00,29.505551734044285,75.68441006256154,0.06199188226562988,0,None
M3,2025-08-01 13:42:00,29.125201216522957,62.442548405071555,0.06073019687140807,0,None
M1,2025-08-01 13:43:00,25.507660091044812,70.50535815594006,0.05340994470080862,0,None
M1,2025-08-01 13:44:00,29.87486520627428,78.17766299200287,0.07780415098034626,0,None
M1,2025-08-01 13:45:00,32.78905153175931,44.74281366397512,0.05127913573821866,0,None
M3,2025-08-01 13:46:00,26.952438989203586,68.13028697014553,0.051132998497942145,1,Overheating
M2,2025-08-01 13:47:00,32.64846377178365,51.97591092505783,0.03706940957615125,0,None
M2,2025-08-01 13:48:00,25.303323030906228,68.55912444278384,0.02580610514317785,0,None
M2,2025-08-01 13:49:00,32.999643649981024,60.33482974065007,0.05834380928765129,0,None
M3,2025-08-01 13:50:00,28.93278564534896,84.90726136849952,0.05297334914404223,1,Power Failure
M1,2025-08-01 13:51:00,28.314570144409803,64.36350972573658,0.04178137687401632,0,None
M1,2025-08-01 13:52:00,26.9329866822953,66.97530313511872,0.04223646362917543,0,None
M1,2025-08-01 13:53:00,30.85208111187744,54.65701373615541,0.06824870498518333,0,None
M3,2025-08-01 13:54:00,17.230394325490224,79.34319911239274,0.02266242603169158,0,None
M3,2025-08-01 13:55:00,28.87617299053658,82.07809308461002,0.04366699941477544,0,None
M2,2025-08-01 13:56:00,27.1174479963664,44.0895770785509,0.039075111034950344,0,None
M1,2025-08-01 13:57:00,31.959020027012734,60.05893766957807,0.04938122005688752,0,None
M3,2025-08-01 13:58:00,35.982857508322454,68.4147042697303,0.04945390920980137,0,None
M2,2025-08-01 13:59:00,25.333660204634022,81.68217721816865,0.032741893224990035,0,None
M1,2025-08-01 14:00:00,23.140494285343216,53.86438602123259,0.07942340654987218,0,None
M1,2025-08-01 14:01:00,28.95338161424067,81.42326454538352,0.027583552689592256,0,None
M1,2025-08-01 14:02:00,33.38962935669635,65.12088591854297,0.09314616426531008,0,None
M1,2025-08-01 14:03:00,26.97142538498331,72.76543666892667,0.06598998507008297,0,None
M2,2025-08-01 14:04:00,30.160020745328833,62.46582129653817,0.05919944285878233,0,None
M3,2025-08-01 14:05:00,26.61142315123947,67.71017138509754,0.05180085675306573,0,None
M2,2025-08-01 14:06:00,28.173392243439455,71.84680305864909,0.023057474209406074,0,None
M3,2025-08-01 14:07:00,25.141929807446743,76.8026537929548,0.0731562968404802,0,None
M2,2025-08-01 14:08:00,35.928520773314986,77.18953310665067,0.06992095371611633,0,None
M2,2025-08-01 14:09:00,26.216024557152696,57.47410987634504,0.03995075026178767,0,None
M2,2025-08-01 14:10:00,36.64097070924529,75.5623000940066,0.059117755441632155,0,None
M2,2025-08-01 14:11:00,40.825011724505416,84.55618690081117,0.08598543150037999,0,None
M3,2025-08-01 14:12:00,32.69148039524816,80.72507337309803,0.042700945409142294,1,Power Failure
M2,2025-08-01 14:13:00,25.803951663304968,64.05223745444337,0.024374046530462906,0,None
M3,2025-08-01 14:14:00,40.28103564970161,58.96791634278317,0.04557492752828456,0,None
M1,2025-08-01 14:15:00,28.615933500555396,56.59446819996172,0.06826000440548599,0,None
M1,2025-08-01 14:16:00,29.164391431067944,72.825799504883,0.04502617747632906,0,None
M3,2025-08-01 14:17:00,38.03672788009996,78.88598880330875,0.0646889806697531,0,None
M2,2025-08-01 14:18:00,30.905107793518535,57.03168052044153,0.057993759035052835,0,None
M3,2025-08-01 14:19:00,26.743215531040853,70.30478850265665,0.020161277070572508,0,None
M3,2025-08-01 14:20:00,31.544165062994818,87.02214944635239,0.05481506358977137,0,None
M3,2025-08-01 14:21:00,43.008415570901974,88.11375028664982,0.06247097713803275,0,None
M3,2025-08-01 14:22:00,36.44876377041373,76.73181351269959,0.04723088032032453,0,None
M1,2025-08-01 14:23:00,23.878508818553172,78.28454515695107,0.03146573795015637,1,Overheating
M3,2025-08-01 14:24:00,28.954883713569874,61.494795457907,0.03838953100390555,0,None
M1,2025-08-01 14:25:00,32.942892022103045,77.1983729087139,0.07893007871893155,0,None
M2,2025-08-01 14:26:00,35.98315743322826,63.90217095680618,0.04731965666654165,0,None
M3,2025-08-01 14:27:00,30.073440973645987,55.501434345190944,0.027873836375433163,0,None
M3,2025-08-01 14:28:00,33.61190678913886,66.27166847908234,0.0845392770246681,0,None
M1,2025-08-01 14:29:00,28.001819071926988,53.01150800196355,0.07914391519912493,0,None
M1,2025-08-01 14:30:00,22.371718427149524,82.62584103427182,0.038962837082151064,0,None
M2,2025-08-01 14:31:00,42.79099642834126,71.26449022823462,0.03624125225072346,0,None
M2,2025-08-01 14:32:00,40.30751788318199,82.08366230593143,0.07048125051622925,0,None
M2,2025-08-01 14:33:00,32.96263474600592,69.92957201075265,0.07624817243485264,0,None
M3,2025-08-01 14:34:00,29.149076887375358,65.46771950672725,0.0639277489491343,0,None
M1,2025-08-01 14:35:00,34.77652604285255,42.26437137086552,0.06601873279258924,0,None
M1,2025-08-01 14:36:00,26.415888396985977,51.3346338292694,0.04834638628314602,0,None
M1,2025-08-01 14:37:00,29.39126245808358,71.89847836212465,0.06153516132386144,0,None
M1,2025-08-01 14:38:00,36.10516847762676,75.82097703468615,0.045470318023003366,0,None
M1,2025-08-01 14:39:00,25.202803816382602,81.98641371991052,0.011252753670470808,0,None
M3,2025-08-01 14:40:00,27.55575289106863,58.80382566710989,0.05281772493822408,0,None
M2,2025-08-01 14:41:00,21.157803172185744,80.32963947152805,0.04610109583142084,0,None
M3,2025-08-01 14:42:00,32.568000532848586,64.6729916033809,0.02660166328579424,0,None
M1,2025-08-01 14:43:00,15.638688933591753,72.05686374960685,0.04243091896307081,0,None
M2,2025-08-01 14:44:00,38.30629607273935,65.42903743413729,0.03795575879276439,0,None
M2,2025-08-01 14:45:00,32.34387128037512,73.95309462458484,0.038531243569155244,0,None
M1,2025-08-01 14:46:00,29.499229617600236,67.96326249823034,0.03244034826486878,1,Lubrication Issue
M1,2025-08-01 14:47:00,25.8655982298007,61.59718569342871,0.03154339620546334,0,None
M1,2025-08-01 14:48:00,37.46344284479761,67.2887639895743,0.04957265411303128,0,None
M3,2025-08-01 14:49:00,26.263941604260882,71.0164428768951,0.027379472170161144,0,None
M3,2025-08-01 14:50:00,33.684219485462165,67.18672442881787,0.05133981434449744,1,Power Failure
M3,2025-08-01 14:51:00,32.5796960885205,68.90450708530797,0.03791975450149746,0,None
M1,2025-08-01 14:52:00,33.971323398109135,57.45710576830751,0.055871158643332586,0,None
M2,2025-08-01 14:53:00,23.217090976882975,70.79993380559144,0.05695812232649771,0,None
M1,2025-08-01 14:54:00,26.327042116009753,61.89747562985619,0.05401138394461886,0,None
M2,2025-08-01 14:55:00,35.743186747143575,67.0445875985345,0.05304631027153249,0,None
M1,2025-08-01 14:56:00,25.862048896756402,70.86143883046375,0.028557219760287866,0,None
M2,2025-08-01 14:57:00,15.393247582526964,65.51619780946118,0.09020018578600003,0,None
M2,2025-08-01 14:58:00,33.09577130502599,90.574954697117,0.050415874153508164,0,None
M2,2025-08-01 14:59:00,26.35998529385433,63.52759362011953,0.04882236380194551,0,None
M3,2025-08-01 15:00:00,26.770179104377323,62.00807993349746,0.040345129556359355,0,None
M1,2025-08-01 15:01:00,25.233356958706437,55.53871967439838,0.05189987502712609,0,None
M3,2025-08-01 15:02:00,28.54094365542228,54.36809191303343,0.06766219554294318,0,None
M2,2025-08-01 15:03:00,29.61081401493599,60.265532586005236,0.049892052472769316,0,None
M3,2025-08-01 15:04:00,27.868212018972283,81.48445709196756,0.052265408210755294,0,None
M1,2025-08-01 15:05:00,22.808610108413166,73.62570815026486,0.07736843908945351,0,None
M2,2025-08-01 15:06:00,27.763390521706246,82.81016361735112,0.05135711021054807,0,None
M1,2025-08-01 15:07:00,34.263868375611096,79.82573463627777,0.06312721739657097,0,None
M3,2025-08-01 15:08:00,28.326123339467294,65.96351536758003,0.030897548413012944,0,None
M2,2025-08-01 15:09:00,32.11799532796731,62.6419608495717,0.05407344169786197,0,None
M2,2025-08-01 15:10:00,30.12109728336379,84.12220555415429,0.0484071721750857,1,Lubrication Issue
M3,2025-08-01 15:11:00,32.26185898124867,81.48733482929438,0.07864684062435004,0,None
M3,2025-08-01 15:12:00,29.064278674977256,79.85729995679863,0.07374772103129502,0,None
M2,2025-08-01 15:13:00,42.94781821009307,61.94628172949656,0.061928846791213424,0,None
M2,2025-08-01 15:14:00,30.84230488134807,83.17597535607959,0.02986914869440718,0,None
M1,2025-08-01 15:15:00,35.699392805645225,68.34600981856488,0.07611939834654378,0,None
M2,2025-08-01 15:16:00,36.484972732805545,69.77131937701118,0.030013955354101788,0,None
M1,2025-08-01 15:17:00,27.47612539385891,64.34715223600918,0.04178582681795166,0,None
M2,2025-08-01 15:18:00,38.07687844734721,66.7767953078866,0.07434317041650994,0,None
M2,2025-08-01 15:19:00,37.60658025961226,68.96976798602785,0.0745026469633575,1,Overheating
M2,2025-08-01 15:20:00,25.48149069634936,73.24359281721603,0.02641920417680395,0,None
M2,2025-08-01 15:21:00,35.93839694230782,65.97933255483329,0.06048529355286338,0,None
M1,2025-08-01 15:22:00,34.35648648728622,56.54020319753251,0.05252759159092824,0,None
M3,2025-08-01 15:23:00,39.694644995291426,80.28682610696391,0.023665023063558863,1,Lubrication Issue
M3,2025-08-01 15:24:00,31.753150496367795,74.89187130147664,0.0626944293712354,0,None
M3,2025-08-01 15:25:00,35.54849920978111,72.72697793529935,0.06300763577442538,0,None
M2,2025-08-01 15:26:00,29.33683126808713,60.254706953293585,0.07214161338573946,0,None
M2,2025-08-01 15:27:00,29.398094180232007,72.5293681426508,0.04873107872111709,0,None
M2,2025-08-01 15:28:00,27.323359070230385,69.0946671769584,0.056639606611380296,0,None
M1,2025-08-01 15:29:00,30.952498398895333,65.64777767199371,0.06501173707671554,1,Bearing Fault
M1,2025-08-01 15:30:00,33.694052404437514,76.15367484013053,0.03129122595910809,0,None
M1,2025-08-01 15:31:00,35.42991058087516,76.59380586186951,0.04227046565496052,0,None
M2,2025-08-01 15:32:00,31.836436567006704,88.38183676795123,0.04553068035256296,0,None
M1,2025-08-01 15:33:00,28.253416019409013,51.14799947978883,0.04407465112982237,0,None
M2,2025-08-01 15:34:00,24.73158790426823,59.32197078420807,0.06900615183947152,0,None
M3,2025-08-01 15:35:00,38.553066862909624,77.34304675561496,0.03701337376159212,0,None
M2,2025-08-01 15:36:00,30.350260815565907,81.6187830260819,0.03145293731618852,0,None
M1,2025-08-01 15:37:00,31.191844913673926,72.65155527298887,0.06283861069923102,0,None
M3,2025-08-01 15:38:00,30.947908082993717,80.01046092567141,-0.004064645859984742,0,None
M1,2025-08-01 15:39:00,33.38937659765454,84.7405605248808,0.04295973850293052,0,None
M1,2025-08-01 15:40:00,29.31275742686154,79.52874547202939,0.08224556515977291,0,None
M1,2025-08-01 15:41:00,36.57457226792024,59.85581122832001,0.06565740487162693,0,None
M2,2025-08-01 15:42:00,28.769687559350256,61.567534046838084,0.09341885434995628,1,Lubrication Issue
M2,2025-08-01 15:43:00,29.120570937838316,84.7907897340576,0.062222873092990856,0,None
M3,2025-08-01 15:44:00,26.88675319132774,71.94607455237242,0.035150588286039036,0,None
M3,2025-08-01 15:45:00,23.39988744389647,67.79805372992043,0.008642905471280153,0,None
M2,2025-08-01 15:46:00,22.476398129844988,77.60055963689602,0.05164879505869007,0,None
M2,2025-08-01 15:47:00,22.71224250267535,80.8447958307307,0.038449398129848926,0,None
M3,2025-08-01 15:48:00,20.624137651771278,71.15026079147417,0.046797344088667196,0,None
M3,2025-08-01 15:49:00,33.35670038225233,61.137796563905944,0.055373228533675455,0,None
M3,2025-08-01 15:50:00,35.38003569299299,70.21311648671943,0.08802381371506016,1,None
M2,2025-08-01 15:51:00,29.696695930926897,66.0088814779725,0.03694206455176876,0,None
M1,2025-08-01 15:52:00,20.984301618720274,54.158640569945106,0.05534253302022967,0,None
M3,2025-08-01 15:53:00,32.54362511614967,79.21247684910345,0.03915255357122409,1,None
M3,2025-08-01 15:54:00,27.5846947415828,71.4679301198555,0.08224441256510849,0,None
M2,2025-08-01 15:55:00,34.48419657932766,61.67706116881828,0.005816967618225984,0,None
M1,2025-08-01 15:56:00,28.944348805861527,60.12820472848816,0.04737486065815391,0,None
M2,2025-08-01 15:57:00,30.384259414793842,75.11924091029275,0.04663383532075861,0,None
M3,2025-08-01 15:58:00,24.548004612785768,84.10932379746271,0.048028237354314766,0,None
M2,2025-08-01 15:59:00,30.094248114724238,72.06724047244994,0.06517877200243896,0,None
M2,2025-08-01 16:00:00,26.93781312679781,73.61503525206102,0.027125475853586767,0,None
M2,2025-08-01 16:01:00,30.542798528882617,53.02902615013748,0.037088611427030495,0,None
M3,2025-08-01 16:02:00,27.256375461295193,70.92844901141115,0.05319712783994801,0,None
M2,2025-08-01 16:03:00,24.86162429537021,78.55460008682645,0.07574648780304281,0,None
M3,2025-08-01 16:04:00,26.768863450780984,87.75310892609512,0.026127263364870403,0,None
M3,2025-08-01 16:05:00,34.59577086805001,67.34230413506017,0.07866844839650336,0,None
M2,2025-08-01 16:06:00,31.443468146399287,72.6032183877122,0.04731382517058905,0,None
M2,2025-08-01 16:07:00,34.05404136579891,51.64342367137963,0.07342491578643087,0,None
M2,2025-08-01 16:08:00,35.16273102170829,81.26705136827583,0.02818067139569604,0,None
M3,2025-08-01 16:09:00,27.945928560227077,60.35595745388308,0.04139686728816326,0,None
M3,2025-08-01 16:10:00,36.55154373059804,83.95683810789956,0.03875663946843396,0,None
M3,2025-08-01 16:11:00,28.95389063127736,81.10302361982764,0.02633187623466938,0,None
M1,2025-08-01 16:12:00,23.82825564060039,64.07535740847106,0.04947188486082146,0,None
M2,2025-08-01 16:13:00,31.400805794098034,69.54029992082855,0.027066705709581935,0,None
M3,2025-08-01 16:14:00,32.7314212400185,70.06422269810938,0.04127228218946863,0,None
M2,2025-08-01 16:15:00,29.451950980370846,59.01854521969153,0.042763773215348654,0,None
M2,2025-08-01 16:16:00,28.706019686664487,85.98647170504717,0.061218388958824775,0,None
M2,2025-08-01 16:17:00,28.522598409854197,69.06565929083,0.054579648501221566,0,None
M3,2025-08-01 16:18:00,35.86562318793321,73.69642192198094,0.04785395711991543,0,None
M2,2025-08-01 16:19:00,32.23858462905139,75.2895793639252,0.009220774459891681,0,None
M3,2025-08-01 16:20:00,38.66257499742546,92.31300146192632,0.06276102202881514,0,None
M3,2025-08-01 16:21:00,32.50422237472228,59.36597993429049,0.03253180731824383,0,None
M2,2025-08-01 16:22:00,29.159280907076052,65.27909422302872,0.01041400379248425,0,None
M1,2025-08-01 16:23:00,33.73955128058767,68.28137013536708,0.027836709376183967,0,None
M1,2025-08-01 16:24:00,17.348562386268352,67.13995778119889,0.07201919269997142,0,None
M1,2025-08-01 16:25:00,39.79173727110297,65.52085520313015,0.02448335826860124,0,None
M1,2025-08-01 16:26:00,43.221716735085174,54.970296716048466,0.05507479322989147,0,None
M1,2025-08-01 16:27:00,32.33846585882716,66.38236931163186,0.05560242777938899,0,None
M3,2025-08-01 16:28:00,33.107859449280255,66.30389663956366,0.057542007878043734,0,None
M1,2025-08-01 16:29:00,29.853685931575107,72.55273387413563,0.07091793430991739,0,None
M1,2025-08-01 16:30:00,25.471338495686904,63.4623366135118,0.03808677411913016,0,None
M1,2025-08-01 16:31:00,36.87219046585409,97.15946572312882,0.04460562936885328,0,None
M1,2025-08-01 16:32:00,29.725529996918567,72.85554074857657,0.06042244856758677,0,None
M2,2025-08-01 16:33:00,33.22607792975028,81.65806019208385,0.04591090040629551,0,None
M2,2025-08-01 16:34:00,32.96778361140431,40.59611365335719,0.06311801553059522,0,None
M1,2025-08-01 16:35:00,30.973680973593876,89.57063640541641,0.04517171179159588,0,None
M2,2025-08-01 16:36:00,26.135611660881956,74.07052287124534,0.030566865309174282,0,None
M1,2025-08-01 16:37:00,23.101909176055347,61.05650087324597,0.03632080996401806,1,Power Failure
M2,2025-08-01 16:38:00,34.76562522688043,75.13085420097293,0.06450191573695994,0,None
M3,2025-08-01 16:39:00,32.58089143557479,74.21379811098083,0.03812319675506723,0,None
M3,2025-08-01 16:40:00,35.94456685737322,77.08303847201064,0.05702896415083166,0,None
M3,2025-08-01 16:41:00,35.350751191582134,61.797586705512984,0.049519442838387925,0,None
M3,2025-08-01 16:42:00,26.62410862512809,68.55481329284483,0.03415160158000077,0,None
M1,2025-08-01 16:43:00,28.4601923518048,70.30190787210155,0.06217214884713481,0,None
M2,2025-08-01 16:44:00,30.006027376811122,61.82911368931809,0.06318491336864811,0,None
M2,2025-08-01 16:45:00,34.68785068813279,68.3863562699047,0.035808554140935506,0,None
M3,2025-08-01 16:46:00,26.15428825106351,60.600968988911355,0.06658949683863497,0,None
M3,2025-08-01 16:47:00,29.030869306135983,54.59206957569133,0.04734966640916207,0,None
M2,2025-08-01 16:48:00,30.299663151331643,72.77376937958192,0.07721317191677302,0,None
M1,2025-08-01 16:49:00,23.45589800440444,70.0796428264733,0.07007419047621355,0,None
M3,2025-08-01 16:50:00,39.00255590755427,82.38946352939438,0.054193188305492516,0,None
M3,2025-08-01 16:51:00,27.541819071839765,78.43372622157058,0.061188981519900744,0,None
M2,2025-08-01 16:52:00,35.3010495374944,97.59660038911078,0.057848319343575344,0,None
M2,2025-08-01 16:53:00,27.455181871462507,51.66658835493567,0.049438322688140406,0,None
M2,2025-08-01 16:54:00,27.379558010327038,71.52354872033722,0.03355160135235599,0,None
M3,2025-08-01 16:55:00,35.60515333662236,63.738099677784334,0.05030757962744212,0,None
M3,2025-08-01 16:56:00,28.36052641743541,71.55190683858979,0.0665019652933527,0,None
M1,2025-08-01 16:57:00,25.664348921445498,67.27024600080165,0.034449219203100456,0,None
M3,2025-08-01 16:58:00,27.618895632276704,78.74389180712727,0.055251226580038504,0,None
M1,2025-08-01 16:59:00,30.967949556837723,67.73739128826249,0.06512106644157294,1,Power Failure
M3,2025-08-01 17:00:00,31.326811746998143,64.17241342388418,0.001223656834471419,0,None
M1,2025-08-01 17:01:00,29.32860418906848,75.2224368124801,0.03367192027797916,0,None
M3,2025-08-01 17:02:00,30.443287954807186,71.97315707405596,0.037646962091313,0,None
M2,2025-08-01 17:03:00,28.41963571986475,65.61890175756405,0.05279553939532471,0,None
M2,2025-08-01 17:04:00,30.002639794282988,76.01206748929116,0.021122903677329167,0,None
M2,2025-08-01 17:05:00,18.51909523431381,55.954357429303585,0.021670047298410655,0,None
M3,2025-08-01 17:06:00,27.733757954884933,84.52467534470745,0.0565348952920464,0,None
M3,2025-08-01 17:07:00,31.502371798054142,66.29409476927547,0.09207612184254821,0,None
M2,2025-08-01 17:08:00,33.35240308620606,59.28142766959844,0.018924824679678716,0,None
M3,2025-08-01 17:09:00,34.08944829012514,82.74591875293515,0.06620124608105382,0,None
M3,2025-08-01 17:10:00,24.05294053566336,86.42672953255963,0.031987585307042626,0,None
M3,2025-08-01 17:11:00,33.191959628041914,61.2151716345193,0.021749284731579943,0,None
M1,2025-08-01 17:12:00,30.204595876978605,59.978125442185274,0.06481648690840253,0,None
M3,2025-08-01 17:13:00,27.433932167642073,54.74680909766544,0.02732368809826234,0,None
M1,2025-08-01 17:14:00,28.857000423299908,60.056506253914876,-0.00124667317590621,0,None
M3,2025-08-01 17:15:00,29.044861186999157,69.22627608667227,0.05030038453188579,0,None
M1,2025-08-01 17:16:00,30.11232946406023,75.4711911517521,0.026383743693823104,0,None
M3,2025-08-01 17:17:00,35.57160847334436,71.20756806189468,0.08095140190057853,1,Lubrication Issue
M1,2025-08-01 17:18:00,33.3643061798341,75.91814133741379,0.04291918578117953,0,None
M1,2025-08-01 17:19:00,27.131991135515495,79.80853449137476,0.035155409596167315,0,None
M1,2025-08-01 17:20:00,23.804464621730496,55.324747342475604,0.05329521682473034,0,None
M2,2025-08-01 17:21:00,30.25443850928009,76.70219897277339,0.06353932774679075,0,None
M1,2025-08-01 17:22:00,21.99548010761742,61.71502975219754,0.047934904797019055,0,None
M3,2025-08-01 17:23:00,21.784055944229163,63.049563398502606,0.049176610461749,1,Overheating
M1,2025-08-01 17:24:00,30.10443244147981,72.30700905718683,0.024796704696548398,0,None
M1,2025-08-01 17:25:00,26.918192959802614,73.38814600810737,0.03011639815196426,0,None
M2,2025-08-01 17:26:00,24.44271021531484,72.46504778432005,0.059964434969935705,0,None
M1,2025-08-01 17:27:00,35.700745192606334,58.29982349401088,0.06697124068951496,0,None
M2,2025-08-01 17:28:00,28.829900704465093,74.66358374446335,0.06974669033178205,0,None
M1,2025-08-01 17:29:00,29.620244881787386,59.109198838521955,0.046883570513417946,1,Bearing Fault
M2,2025-08-01 17:30:00,21.961694864409708,71.84740578895725,0.09047212438459279,0,None
M1,2025-08-01 17:31:00,30.033999222799988,78.41528342039759,0.03764726781211507,0,None
M3,2025-08-01 17:32:00,18.940690443352466,85.33433701296326,0.021520856950997102,0,None
M3,2025-08-01 17:33:00,28.666738353827927,74.47861747751794,0.057421881026278446,0,None
M1,2025-08-01 17:34:00,22.009378240581263,74.62172666081943,0.09048619246573705,0,None
M1,2025-08-01 17:35:00,23.184129977035948,71.62744414846397,0.05082758105171696,0,None
M1,2025-08-01 17:36:00,32.12943603096518,70.19147777415752,0.037170261819113815,0,None
M2,2025-08-01 17:37:00,32.43936142435537,60.385116303444626,0.06661704648558733,0,None
M1,2025-08-01 17:38:00,25.217818115909957,74.72406277880377,0.0796823205707193,0,None
M3,2025-08-01 17:39:00,31.7780667439283,76.18488380456475,0.04585044954632255,0,None
M2,2025-08-01 17:40:00,23.747961330151412,76.04515326355367,0.06764666124646819,0,None
M3,2025-08-01 17:41:00,27.7395483358346,68.46173972801634,0.032541406465208686,0,None
M3,2025-08-01 17:42:00,40.49860894583258,67.52974299254004,0.04283319695957556,0,None
M2,2025-08-01 17:43:00,26.762290971824203,56.55885529636813,0.017934790663681012,0,None
M2,2025-08-01 17:44:00,20.66730024319692,80.07513689836922,0.036307403484799924,0,None
M1,2025-08-01 17:45:00,33.953127995813844,83.78709746263351,0.02510337523563686,0,None
M2,2025-08-01 17:46:00,30.071365339182172,60.460605806033556,0.04185927374146439,1,None
M1,2025-08-01 17:47:00,33.431592284783505,54.59752367968923,0.08966772469703424,0,None
M1,2025-08-01 17:48:00,38.08606287484312,71.04355937523214,0.03202431903353744,0,None
M2,2025-08-01 17:49:00,23.348431871305053,84.11050901059224,0.04189179984772443,0,None
M3,2025-08-01 17:50:00,22.744121549742204,69.87911052153946,0.02495213111173762,0,None
M2,2025-08-01 17:51:00,31.81815941312484,66.33768460681739,0.05887760460434872,0,None
M2,2025-08-01 17:52:00,16.97893071686433,71.98948146796495,0.058734771034670195,0,None
M3,2025-08-01 17:53:00,32.02147377480849,80.3704728873993,0.06481181736206094,0,None
M1,2025-08-01 17:54:00,21.107062079967417,73.19651825918977,0.039916403379846574,0,None
M1,2025-08-01 17:55:00,29.59238663449177,76.90236800380272,-0.0011673676651420412,0,None
M1,2025-08-01 17:56:00,24.563770305685985,59.141748711148146,0.06358746565913007,0,None
M1,2025-08-01 17:57:00,24.25602982420672,67.48269318007495,0.07267246943718099,0,None
M1,2025-08-01 17:58:00,35.97054701523686,60.18834468860318,0.04071191475381225,0,None
M3,2025-08-01 17:59:00,32.31030446625948,84.5973187503794,0.015597948981043636,0,None
M3,2025-08-01 18:00:00,30.42659071282512,61.91734278359074,0.0333911118688687,0,None
M2,2025-08-01 18:01:00,32.61257052632879,75.68480225274598,0.05210618641758174,0,None
M1,2025-08-01 18:02:00,33.25225046268069,54.96919698240182,0.07103895235445837,0,None
M3,2025-08-01 18:03:00,25.009696863427934,70.33327925665802,0.030876462337007058,0,None
M3,2025-08-01 18:04:00,33.03361529568092,68.16803381279612,0.06069011296961101,0,None
M3,2025-08-01 18:05:00,34.43827712936918,78.16072843393847,0.04851578042901219,0,None
M1,2025-08-01 18:06:00,33.329621260272305,74.21586610614456,0.06677881000939224,0,None
M3,2025-08-01 18:07:00,26.913734067265384,57.00883355698933,0.025555763826541573,1,None
M2,2025-08-01 18:08:00,32.19750615310113,77.78936503512114,0.059155457323037716,1,Overheating
M1,2025-08-01 18:09:00,38.37246216673769,46.087255689758514,0.04850248123587021,0,None
M2,2025-08-01 18:10:00,33.47768878782889,78.49102110743144,0.04412066104671636,0,None
M2,2025-08-01 18:11:00,29.642003740709665,69.39711008608388,0.059095903392847614,0,None
M1,2025-08-01 18:12:00,34.45191581759893,75.75205016106567,0.0600133144276242,0,None
M2,2025-08-01 18:13:00,30.2488684359048,88.19223183299721,0.05079872794429381,0,None
M3,2025-08-01 18:14:00,32.46009423996399,64.7396515733242,0.006933141602575112,0,None
M1,2025-08-01 18:15:00,35.485763558768475,58.82858673123489,0.02975810228404846,0,None
M2,2025-08-01 18:16:00,35.29968192023311,76.17005949576698,0.06367138646400955,0,None
M1,2025-08-01 18:17:00,23.170221443997328,70.6974684884105,0.03720470945111734,0,None
M2,2025-08-01 18:18:00,24.853142459089643,56.47329714156466,0.01955281627564218,0,None
M3,2025-08-01 18:19:00,35.563441874949625,63.14793802140594,0.04696889089980041,0,None
M2,2025-08-01 18:20:00,27.32099268473851,52.92642042407053,0.02766951120102682,0,None
M1,2025-08-01 18:21:00,36.179058100034695,75.41056763492638,0.04693031442088287,0,None
M2,2025-08-01 18:22:00,35.5869940795123,84.48499229892926,0.04280462708421829,0,None
M3,2025-08-01 18:23:00,23.36976156958981,67.05735128206443,0.0394392600429409,0,None
M1,2025-08-01 18:24:00,31.718939407749428,69.5134764842955,0.05065593990823173,0,None
M2,2025-08-01 18:25:00,26.207523326499654,85.13597974652778,0.03773278374963435,0,None
M2,2025-08-01 18:26:00,20.76906068880953,60.7048913980759,0.020069414898198423,0,None
M3,2025-08-01 18:27:00,26.74988032796551,52.52546915304934,0.04743916587450778,0,None
M1,2025-08-01 18:28:00,31.03633664699472,70.6934433703625,0.03556524893325494,0,None
M1,2025-08-01 18:29:00,30.88410436069699,69.16615724725708,0.05371385179482119,0,None
M2,2025-08-01 18:30:00,38.36726045149268,83.40461051790348,0.02400837526144805,0,None
M2,2025-08-01 18:31:00,34.14866208939587,81.89911397241167,0.07027351481087728,0,None
M2,2025-08-01 18:32:00,24.38727596877793,60.824971789857365,0.07035322933687005,1,Power Failure
M2,2025-08-01 18:33:00,31.35747655412824,67.85089644849921,0.05553586898650577,0,None
M1,2025-08-01 18:34:00,35.23658853310724,81.69589992427774,0.045412185118639446,0,None
M2,2025-08-01 18:35:00,29.78261525093069,66.72881803411188,0.017528895239537337,1,None
M3,2025-08-01 18:36:00,35.621766799352514,66.6592276902006,0.06129211851787201,1,Bearing Fault
M3,2025-08-01 18:37:00,24.901678306539424,61.35608929085819,0.04718144171444761,0,None
M1,2025-08-01 18:38:00,29.34263702164166,78.26047171441506,0.04126471525523565,0,None
M1,2025-08-01 18:39:00,21.967114496306603,70.1580754411184,0.048264884989021116,0,None
M2,2025-08-01 18:40:00,23.538686524471906,76.89707805245195,0.03994050458897314,0,None
M2,2025-08-01 18:41:00,31.317436076655298,73.5918304919208,0.06135883486150264,0,None
M1,2025-08-01 18:42:00,26.081171672068017,63.094589476837406,0.031676161690375154,0,None
M2,2025-08-01 18:43:00,25.840888958847778,87.0501414720703,0.043983933755661425,0,None
M3,2025-08-01 18:44:00,27.099733793149785,72.39404500535377,0.05999370220605868,1,Power Failure
M1,2025-08-01 18:45:00,32.360011354596374,55.99580439669232,0.05413549559668833,0,None
M1,2025-08-01 18:46:00,34.345780321946364,78.87290837266742,0.03473427791642837,0,None
M3,2025-08-01 18:47:00,30.18968917723801,71.53831916078256,0.06532934736223192,0,None
M2,2025-08-01 18:48:00,26.070069836825088,56.18955396846225,0.056076371912097515,0,None
M1,2025-08-01 18:49:00,33.60781252563072,91.41383118511078,0.0349879420483757,0,None
M1,2025-08-01 18:50:00,26.970695896205534,87.19377906207296,0.08985030706336236,1,Lubrication Issue
M3,2025-08-01 18:51:00,26.16671706108326,65.20948942638246,0.01452991332100774,0,None
M1,2025-08-01 18:52:00,30.12694210271205,50.80326843802344,0.04972324507811526,1,Lubrication Issue
M2,2025-08-01 18:53:00,26.55136112967913,72.52060342705278,0.04247735238051729,0,None
M2,2025-08-01 18:54:00,23.717465528603718,78.13205186747977,0.044420741393363834,0,None
M3,2025-08-01 18:55:00,28.601199157520828,75.42704397976723,0.029222804204262393,0,None
M2,2025-08-01 18:56:00,32.85306498609766,79.68184660532862,0.043373832336333545,0,None
M2,2025-08-01 18:57:00,26.938816327461247,70.9960575652144,0.016804888290438746,0,None
M2,2025-08-01 18:58:00,23.244628168959892,56.7754204325643,0.059637321234369836,0,None
M1,2025-08-01 18:59:00,32.736323986889836,58.5446178200108,0.022732547505576836,0,None
M1,2025-08-01 19:00:00,28.85100184712403,61.485935657396865,0.053504228378170246,0,None
M3,2025-08-01 19:01:00,44.926295013017054,74.17673698483786,0.06693994175378917,0,None
M2,2025-08-01 19:02:00,32.100472452259204,76.06850593215671,0.09113087129659084,0,None
M3,2025-08-01 19:03:00,24.34555782337042,60.1219116541198,0.06069557091610019,0,None
M3,2025-08-01 19:04:00,27.91316593197458,67.04910085762094,0.06951633438689418,0,None
M1,2025-08-01 19:05:00,34.59227221971207,67.18980352728414,0.058499322324950906,0,None
M1,2025-08-01 19:06:00,28.914914747878147,66.9151721154418,0.09853432972691045,0,None
M3,2025-08-01 19:07:00,32.16479912680348,68.5391317846832,0.038141469339039565,0,None
M1,2025-08-01 19:08:00,35.106916477146996,90.88442772869925,0.018280333755240838,0,None
M1,2025-08-01 19:09:00,20.600378074304775,80.85926696322798,0.07110437702662085,0,None
M2,2025-08-01 19:10:00,16.82126130491561,70.0337550659716,0.05655642345686171,0,None
M2,2025-08-01 19:11:00,34.62135069768915,72.51836750623619,0.03166230616562876,0,None
M3,2025-08-01 19:12:00,25.52326838818488,65.91899160839779,0.030083692104195422,0,None
M2,2025-08-01 19:13:00,33.255681209118286,68.67912994480857,0.053535095866040994,0,None
M2,2025-08-01 19:14:00,28.501616759966065,69.49795382958256,0.1024158618205995,0,None
M2,2025-08-01 19:15:00,24.440164871129184,59.03597513848599,0.06676473759142282,0,None
M3,2025-08-01 19:16:00,31.403182022450682,87.58620484195134,0.05744210945213726,0,None
M3,2025-08-01 19:17:00,31.945795978339643,49.141841410767114,0.04626260806299202,0,None
M1,2025-08-01 19:18:00,23.40376402700616,67.97019362604343,0.033999228712047073,0,None
M3,2025-08-01 19:19:00,29.682377126923225,67.24297807079134,0.06881392287645365,0,None
M2,2025-08-01 19:20:00,26.966498526173517,72.11283692279473,0.07400157912853722,0,None
M2,2025-08-01 19:21:00,27.540487762468974,59.2212818862281,0.036225646671541704,0,None
M1,2025-08-01 19:22:00,26.87827305143388,68.15474642344151,0.03790510670923575,0,None
M3,2025-08-01 19:23:00,18.972169714504652,82.89396863430025,0.06936012949881268,0,None
M1,2025-08-01 19:24:00,33.25760995669753,58.62314329575183,0.04597016932104964,0,None
M2,2025-08-01 19:25:00,29.96739342385271,72.68533986464809,0.08026018532007978,0,None
M1,2025-08-01 19:26:00,32.28640202307621,84.55822322146767,0.06409013079649446,0,None
M1,2025-08-01 19:27:00,33.945283436877595,58.55738568608292,0.05114580708906033,0,None
M1,2025-08-01 19:28:00,37.01684985062595,76.97903272539028,0.041139119577430355,0,None
M3,2025-08-01 19:29:00,27.602535163003783,73.56002629225026,0.054359948213322754,0,None
M2,2025-08-01 19:30:00,38.4997868728819,80.71543152234887,0.05381271182530049,0,None
M3,2025-08-01 19:31:00,34.70655290383742,69.07601561396652,0.0256575919529419,0,None
M3,2025-08-01 19:32:00,25.761830356904575,63.4791111140694,0.028207339253152237,0,None
M2,2025-08-01 19:33:00,26.076190459361484,78.5064766778225,0.046865158484354484,0,None
M1,2025-08-01 19:34:00,25.4612190992654,85.19283923641768,0.0602158417705519,0,None
M3,2025-08-01 19:35:00,35.152902928120284,79.26605508044408,0.028028983183872105,0,None
M3,2025-08-01 19:36:00,30.859196698967658,75.53251219984784,0.02648810788750297,0,None
M2,2025-08-01 19:37:00,25.524650788616977,59.86684164402274,0.06402372652140746,0,None
M3,2025-08-01 19:38:00,34.240871063333344,57.67476685231491,0.06104599875359047,0,None
M1,2025-08-01 19:39:00,33.12815466823,60.505756732742356,0.07869469959328688,0,None
M1,2025-08-01 19:40:00,31.748250236498468,54.35197228637945,0.05190688398882617,0,None
M3,2025-08-01 19:41:00,28.682758919588753,76.70740945950203,0.044154804761964615,1,Bearing Fault
M3,2025-08-01 19:42:00,31.675290145420586,73.16155957182778,0.05938535179617053,0,None
M2,2025-08-01 19:43:00,22.32213938396447,81.61398787431406,0.033774857617256154,0,None
M1,2025-08-01 19:44:00,24.916584357117515,67.55919526325799,0.049213854247447376,0,None
M2,2025-08-01 19:45:00,29.327516077991337,51.8796109887038,0.06281067183262068,0,None
M3,2025-08-01 19:46:00,33.110349951530246,83.28933319535409,0.05773617041378405,0,None
M2,2025-08-01 19:47:00,35.454902125929834,79.66760462608947,0.056611467852508715,0,None
M3,2025-08-01 19:48:00,30.724439165484455,70.23903043284956,0.042971715285725354,0,None
M2,2025-08-01 19:49:00,37.81706679416054,56.45981641501596,0.03893615633130227,0,None
M3,2025-08-01 19:50:00,31.83824646495711,48.99973492348376,0.06251016033662071,0,None
M1,2025-08-01 19:51:00,34.42615741494495,69.33856715126333,0.036938166772993275,0,None
M1,2025-08-01 19:52:00,24.705462064716997,84.81663402462598,0.0892517438106159,0,None
M3,2025-08-01 19:53:00,30.018478359239236,56.88317249533216,0.06735264167812272,0,None
M2,2025-08-01 19:54:00,36.15437256577368,86.85014278708509,0.0612576172034871,0,None
M2,2025-08-01 19:55:00,25.60092823248973,79.52598394648906,0.059473862734644556,0,None
M1,2025-08-01 19:56:00,37.77080210357387,78.53975976552223,0.058297310007238215,1,Overheating
M3,2025-08-01 19:57:00,32.31644265059053,60.197388237024896,0.11123893930812438,0,None
M1,2025-08-01 19:58:00,31.206609674583905,58.48985916380493,0.0577264663562312,0,None
M2,2025-08-01 19:59:00,28.97764389506939,52.60934368895566,0.07225811334761864,0,None
M1,2025-08-01 20:00:00,29.630262171958037,65.48340523840378,0.053900499680562534,0,None
M1,2025-08-01 20:01:00,26.20858965556205,73.31942556666864,0.065983576398108,0,None
M2,2025-08-01 20:02:00,33.147647921109055,61.956842403400074,0.067907108615252,1,None
M2,2025-08-01 20:03:00,26.842111354173344,72.88653930807484,0.051495525358439376,0,None
M1,2025-08-01 20:04:00,27.417851780562142,68.03533416571902,0.045882811382393196,0,None
M1,2025-08-01 20:05:00,26.267108267298806,63.40397731480767,0.03590263092369019,0,None
M3,2025-08-01 20:06:00,27.544231264289476,67.15124506630329,0.0448764049500924,1,Bearing Fault
M2,2025-08-01 20:07:00,28.792512770646105,52.97786733919989,0.04074368627320978,0,None
M2,2025-08-01 20:08:00,23.983995723054278,59.57955587756897,0.04025594157610146,0,None
M3,2025-08-01 20:09:00,28.240393410917456,83.69254797421875,0.027228652539007612,0,None
M2,2025-08-01 20:10:00,32.97514732917782,64.42576946891678,0.04174004355713132,0,None
M1,2025-08-01 20:11:00,25.366508455763444,50.819003994962074,0.04699791556828991,0,None
M2,2025-08-01 20:12:00,28.20185163773769,73.01107339191742,0.05367669032645009,0,None
M3,2025-08-01 20:13:00,43.46516831990248,55.73621077718592,0.06562724444725021,0,None
M1,2025-08-01 20:14:00,29.597001253516197,61.669439429992416,0.06830780551120325,0,None
M3,2025-08-01 20:15:00,27.252298627022327,58.14139452869797,0.003560871653163787,0,None
M3,2025-08-01 20:16:00,39.16278521739601,78.14151762118266,0.059641334546707725,0,None
M1,2025-08-01 20:17:00,31.8436657365876,82.23853198573728,0.05273643659342587,1,None
M3,2025-08-01 20:18:00,28.60558302924622,78.45157971184321,0.04902205633051789,0,None
M2,2025-08-01 20:19:00,22.974050765982124,36.752442800889035,0.02062153072659613,0,None
M1,2025-08-01 20:20:00,34.75724638529043,66.33492979631949,0.015922568263465622,0,None
M1,2025-08-01 20:21:00,25.377670059352226,65.08438841401916,0.0568989000309257,0,None
M1,2025-08-01 20:22:00,39.52068294786503,86.25958915362062,0.09437560466896268,0,None
M3,2025-08-01 20:23:00,29.204773947999744,49.033243014302045,0.06727583649139324,0,None
M2,2025-08-01 20:24:00,31.083877818813146,59.02697472367156,0.038222663465226084,0,None
M3,2025-08-01 20:25:00,25.8136878447515,74.41986006395031,0.04139229047205968,0,None
M2,2025-08-01 20:26:00,24.4756860346874,72.20541427013868,0.07435918304611117,0,None
M2,2025-08-01 20:27:00,27.43401817743302,71.1617308407655,0.033102030931790524,0,None
M3,2025-08-01 20:28:00,27.343928526962006,74.8387665118804,0.027954157003271536,0,None
M3,2025-08-01 20:29:00,33.40679755221474,66.39352087933808,0.060778383702874694,0,None
M1,2025-08-01 20:30:00,32.67408668172955,82.28980502489063,0.037253845059424105,0,None
M3,2025-08-01 20:31:00,32.29193351775742,62.854529915291295,0.044765898646435466,0,None
M3,2025-08-01 20:32:00,25.31746812605202,63.322204435311136,0.05584385456652747,0,None
M2,2025-08-01 20:33:00,29.063354907968126,85.91019305775117,0.04588462803940665,0,None
M3,2025-08-01 20:34:00,16.262475786373827,65.00269823848369,0.03947504286965158,0,None
M2,2025-08-01 20:35:00,36.94168889104224,64.00633506159681,0.02779992856228147,0,None
M2,2025-08-01 20:36:00,33.841036083158684,72.15396505456287,0.060165372793491795,0,None
M2,2025-08-01 20:37:00,49.63118853218163,70.5633628681212,0.03975708535303734,0,None
M3,2025-08-01 20:38:00,28.56276240299822,72.87328904403009,0.04908975509397516,0,None
M3,2025-08-01 20:39:00,27.878818333009782,72.49178671713898,0.03213013532224783,0,None
M3,2025-08-01 20:40:00,27.91902797557373,58.69930660959642,0.04099974284008373,0,None
M1,2025-08-01 20:41:00,36.28574608431286,73.25014136256542,0.04107514651560498,0,None
M3,2025-08-01 20:42:00,33.42753869395102,88.48608833296412,0.04648872109001569,0,None
M1,2025-08-01 20:43:00,33.34327402378953,85.33854941032175,0.05275689009761567,0,None
M1,2025-08-01 20:44:00,29.026513519416593,69.35811822891502,0.05183504968896746,1,Overheating
M2,2025-08-01 20:45:00,31.261201982133386,76.95020695088223,0.02075550520620316,0,None
M1,2025-08-01 20:46:00,34.34577296248448,65.44460473976129,0.03221518343543352,0,None
M3,2025-08-01 20:47:00,34.77650279118876,79.91258658192089,0.07076755309530298,0,None
M3,2025-08-01 20:48:00,26.98009687015385,67.70451344639653,0.01721031674949132,0,None
M1,2025-08-01 20:49:00,28.037644469695636,65.31566151719633,0.026906105147342683,1,Lubrication Issue
M1,2025-08-01 20:50:00,31.620285141107804,58.523086101843326,0.05170418899267802,0,None
M1,2025-08-01 20:51:00,15.044320145496384,90.75637542165838,0.04255455031428802,0,None
M1,2025-08-01 20:52:00,32.333354909830405,85.2100622715938,0.031021669583503258,0,None
M2,2025-08-01 20:53:00,38.73681598957779,67.29840007617337,0.06187853468845289,0,None
M1,2025-08-01 20:54:00,25.87742919236163,63.914102767603,0.039420445838719696,0,None
M2,2025-08-01 20:55:00,24.717211786198735,72.29314128434648,0.08425335425677138,0,None
M1,2025-08-01 20:56:00,20.438725122901115,69.31365953914532,0.02263369922334379,0,None
M2,2025-08-01 20:57:00,39.93637999615404,71.22843438540198,0.029826719976663436,1,None
M3,2025-08-01 20:58:00,36.318533388273345,61.536840225342644,0.060869587573401863,0,None
M1,2025-08-01 20:59:00,30.99905216859357,89.09418652293493,0.06619778643322234,0,None
M3,2025-08-01 21:00:00,21.72556281885852,60.399537047205364,0.04754582132808552,0,None
M2,2025-08-01 21:01:00,30.466861871383255,59.7190359217807,0.04805763597849715,1,None
M3,2025-08-01 21:02:00,37.58197027626787,76.02118320392483,0.051440737225674896,0,None
M2,2025-08-01 21:03:00,28.93895515049424,52.55669280721742,0.061644889551275214,1,Bearing Fault
M3,2025-08-01 21:04:00,20.460962210613047,61.39614989220498,0.04172788933156712,0,None
M1,2025-08-01 21:05:00,39.43843828670095,55.83566371803806,0.06306386221160619,0,None
M2,2025-08-01 21:06:00,35.41345526943537,65.28875348182122,0.048127276225216585,0,None
M3,2025-08-01 21:07:00,36.62898323771095,81.5356342865986,0.03962784041939411,0,None
M3,2025-08-01 21:08:00,22.403269622615788,41.67844401889431,0.040976822831820026,0,None
M2,2025-08-01 21:09:00,32.758703999554605,74.84446605278939,0.059233325894227265,0,None
M3,2025-08-01 21:10:00,20.6512915015229,66.1147922481699,0.053808477798501154,0,None
M3,2025-08-01 21:11:00,32.24609360642517,69.7316815629094,0.03972322766314457,0,None
M3,2025-08-01 21:12:00,32.26754356277234,60.177059657453206,0.05117968443179195,0,None
M3,2025-08-01 21:13:00,32.23436250401349,68.6519912849279,0.03586878842333055,0,None
M1,2025-08-01 21:14:00,33.05108084794611,71.56972960968434,0.03826937460872129,0,None
M2,2025-08-01 21:15:00,31.121082021453965,48.14703152665094,0.07287673452840782,0,None
M3,2025-08-01 21:16:00,32.12744966620115,81.97246923645228,0.02256652605539068,0,None
M2,2025-08-01 21:17:00,26.452794987862266,59.30713144581175,0.014261085373203038,0,None
M2,2025-08-01 21:18:00,27.222266102565666,72.04389031602977,0.025957009478478225,0,None
M1,2025-08-01 21:19:00,28.02159644121868,58.00140277820402,0.0441548956911232,0,None
M3,2025-08-01 21:20:00,22.427648454096165,73.21593211339238,0.08509866143294484,1,Bearing Fault
M3,2025-08-01 21:21:00,30.09200815391719,73.53547863198676,0.044881388766604934,1,Overheating
M3,2025-08-01 21:22:00,31.126320586237746,76.9272275511686,0.02461339006906602,0,None
M2,2025-08-01 21:23:00,38.51257329064803,89.89855073337557,0.05701885009791414,0,None
M3,2025-08-01 21:24:00,33.875777470173915,75.53040085852358,0.05468048908706296,0,None
M1,2025-08-01 21:25:00,28.757356909627752,67.67870681451545,0.07329229980620713,0,None
M2,2025-08-01 21:26:00,29.070771239036265,73.09998983165555,0.04886823022200209,0,None
M3,2025-08-01 21:27:00,36.094853948968314,76.72943204495039,0.01470808181445906,0,None
M3,2025-08-01 21:28:00,29.527706427789987,74.19609972024118,0.032722340788204685,0,None
M1,2025-08-01 21:29:00,36.39732465828875,83.46669723754866,0.040513091161930546,0,None
M2,2025-08-01 21:30:00,38.2474044716196,80.70610559979187,0.03540795060385181,1,Power Failure
M2,2025-08-01 21:31:00,31.807086586365514,74.43501720584524,0.026962632308264522,0,None
M1,2025-08-01 21:32:00,32.253017064312694,51.30183660467836,0.026764323121752726,0,None
M1,2025-08-01 21:33:00,28.584305516281166,84.9610223342556,0.04048022795227265,0,None
M3,2025-08-01 21:34:00,29.028654340107405,62.44208499841637,0.07097414252833127,0,None
M2,2025-08-01 21:35:00,38.27703556544148,66.26337921735829,0.03985457178812375,0,None
M3,2025-08-01 21:36:00,29.30301399668383,77.39653151724671,0.011812878249854143,0,None
M3,2025-08-01 21:37:00,36.59151162426335,68.17581864460462,0.05062151933750028,0,None
M1,2025-08-01 21:38:00,29.553829228892756,69.62429355020518,0.015375973931101496,1,Power Failure
M1,2025-08-01 21:39:00,37.47469113726618,52.66173645516332,0.05681905380443253,0,None
M1,2025-08-01 21:40:00,32.367359495176146,67.32358909101207,0.06693541550432988,0,None
M1,2025-08-01 21:41:00,19.363862898242523,82.10243500506877,0.044619669071703554,0,None
M2,2025-08-01 21:42:00,26.46187052588987,62.87826135823956,0.04778669262885341,0,None
M3,2025-08-01 21:43:00,25.516788863423958,76.77359521686422,0.03449931621152552,0,None
M1,2025-08-01 21:44:00,15.465058903391792,66.25177943378193,0.029229123583120555,0,None
M3,2025-08-01 21:45:00,21.843620922695273,72.52167350475575,0.02627861537201174,0,None
M2,2025-08-01 21:46:00,26.967483058921303,74.55904195170703,0.04081819379562017,0,None
M2,2025-08-01 21:47:00,26.526998154184277,86.98092906333733,0.032698571456577445,0,None
M1,2025-08-01 21:48:00,29.51688164992555,65.84033072052641,0.03108507878606438,0,None
M1,2025-08-01 21:49:00,33.04123095842484,75.23395016902015,0.04348825285693757,0,None
M2,2025-08-01 21:50:00,24.988914905366375,62.47564762646965,0.020664296187686462,0,None
M3,2025-08-01 21:51:00,27.492989265571815,75.1651728439791,0.06945993090666001,0,None
M2,2025-08-01 21:52:00,24.481650857348153,66.69210775672443,0.03439601741765075,0,None
M3,2025-08-01 21:53:00,36.6528745201952,66.23299570096435,0.045873703927613425,1,None
M3,2025-08-01 21:54:00,34.46476935054385,88.29620201716088,0.04180626814741006,0,None
M1,2025-08-01 21:55:00,33.56161079790081,56.858541455447835,0.08533310978582873,0,None
M3,2025-08-01 21:56:00,33.563560144306656,51.168497919414165,0.042553618941241544,1,None
M1,2025-08-01 21:57:00,32.18656593519481,79.28045071005693,0.06085656702541353,0,None
M3,2025-08-01 21:58:00,25.238418096306013,63.23004861541469,0.034546811094583525,0,None
M1,2025-08-01 21:59:00,34.15095905931305,65.46894132019287,0.06789447029294275,0,None
M1,2025-08-01 22:00:00,38.336120557755685,85.23238621712258,0.06471243994491493,0,None
M3,2025-08-01 22:01:00,38.9089945438553,79.17967670666363,0.034682798198273954,0,None
M1,2025-08-01 22:02:00,24.749296301989272,77.57495149337485,0.07741072287993428,0,None
M3,2025-08-01 22:03:00,33.47601450042,80.72886742992894,0.05650873718867621,0,None
M2,2025-08-01 22:04:00,25.765745169373176,82.49618905296667,0.06558698007810665,0,None
M1,2025-08-01 22:05:00,29.80490240311228,66.83234894064353,0.04954844117811164,0,None
M2,2025-08-01 22:06:00,24.645737906577807,89.11419087139723,0.024390888579950667,0,None
M3,2025-08-01 22:07:00,30.947399106105404,72.1911060003441,0.05154289571766253,0,None
M1,2025-08-01 22:08:00,30.923552373905416,79.37915537510655,0.05024998643814501,0,None
M1,2025-08-01 22:09:00,44.34201527833384,71.96304416924356,0.034043725033253286,0,None
M1,2025-08-01 22:10:00,29.135991313017676,77.71920154836675,0.05882614303398492,0,None
M2,2025-08-01 22:11:00,26.334219014450017,89.0155925511367,0.054896387477890794,1,None
M2,2025-08-01 22:12:00,33.19330084321551,80.5811832508715,0.05735239680419422,0,None
M2,2025-08-01 22:13:00,30.740447098991382,76.52646407177079,0.02724625086898532,0,None
M2,2025-08-01 22:14:00,28.80944781843973,70.46002747253274,0.03190771250012468,0,None
M2,2025-08-01 22:15:00,35.86378422633722,50.29999544581126,0.06417437347035863,0,None
M3,2025-08-01 22:16:00,31.157229612627862,76.4648953772577,0.045686647249047356,0,None
M1,2025-08-01 22:17:00,25.635194547731498,66.2244534359104,0.05553445945176633,0,None
M1,2025-08-01 22:18:00,25.418629497181374,83.55442801105495,0.07340397418393207,1,Power Failure
M1,2025-08-01 22:19:00,30.671482486238965,76.08407753799226,0.10531959228878535,0,None
M1,2025-08-01 22:20:00,19.2380822769541,78.76455645502935,0.018770135551162814,0,None
M3,2025-08-01 22:21:00,37.51709914214499,67.17113279480374,0.03761854526965583,0,None
M1,2025-08-01 22:22:00,37.092656725740184,45.1219134346492,0.07553930772176376,0,None
M3,2025-08-01 22:23:00,31.69011740550854,61.82284524269869,0.017347945086253543,0,None
M3,2025-08-01 22:24:00,24.233247447020204,81.37314542364729,0.05677105752571829,0,None
M1,2025-08-01 22:25:00,25.310372117318007,87.32049291368082,0.06405763597190245,0,None
M2,2025-08-01 22:26:00,32.66003099410972,73.61661061247017,0.08522376249734748,0,None
M1,2025-08-01 22:27:00,29.998431636941127,65.40451058838244,0.01523776720909227,0,None
M1,2025-08-01 22:28:00,28.19268616653007,74.16446038101452,0.04892190301988522,0,None
M1,2025-08-01 22:29:00,25.088482098113428,61.466966931736664,0.05170568466986704,0,None
M2,2025-08-01 22:30:00,30.980657295119535,60.95931710264,0.0190207894989305,0,None
M3,2025-08-01 22:31:00,31.289879906105906,89.70864270717799,0.04961062601845806,0,None
M1,2025-08-01 22:32:00,34.56885810692793,54.54270213309267,0.08179677956361368,0,None
M1,2025-08-01 22:33:00,32.870356104470005,64.8084267720631,0.09328014747824713,0,None
M1,2025-08-01 22:34:00,32.51392213447597,87.96360822926964,0.06412157827630263,0,None
M2,2025-08-01 22:35:00,28.786593615939832,66.25819724009817,0.04688868610956329,0,None
M1,2025-08-01 22:36:00,24.86815396167054,82.3000057271915,0.030705891484985707,0,None
M2,2025-08-01 22:37:00,38.14234277386161,47.437500652517734,0.026431193062799088,1,Lubrication Issue
M1,2025-08-01 22:38:00,27.403018140869367,66.59092122653921,0.05856633384750475,0,None
M1,2025-08-01 22:39:00,30.385782481088583,68.18614596890714,0.040112913242865665,0,None
M2,2025-08-01 22:40:00,32.29084057394349,60.20278775283193,0.026933351935885103,0,None
M3,2025-08-01 22:41:00,21.56327826444645,67.8667020069073,0.0691991334886749,0,None
M2,2025-08-01 22:42:00,26.45489521184755,89.53259137526568,0.03948240648209592,0,None
M3,2025-08-01 22:43:00,30.888750531340158,71.7252678292309,0.060217259782966354,1,Bearing Fault
M2,2025-08-01 22:44:00,29.612782696370033,58.04706236400755,0.07901855096558424,0,None
M3,2025-08-01 22:45:00,39.03598321818943,61.66626441204565,0.04276822838848814,0,None
M3,2025-08-01 22:46:00,32.52982776727933,62.71727797593387,0.09330112135613206,0,None
M2,2025-08-01 22:47:00,35.95274297171798,51.539517495559444,0.06839406628168604,0,None
M2,2025-08-01 22:48:00,25.918913777290175,70.78143062969647,0.06723272248995889,0,None
M3,2025-08-01 22:49:00,30.695301993267087,62.29262940299137,0.04119406425784883,0,None
M3,2025-08-01 22:50:00,39.86271088394904,56.14012057601002,0.060111784836717495,0,None
M3,2025-08-01 22:51:00,37.44556554164145,69.54138740630978,0.033374584520953786,0,None
M3,2025-08-01 22:52:00,32.457147263601,75.69760357198646,0.05390963463106582,0,None
M2,2025-08-01 22:53:00,29.50577399380347,75.59577061510467,0.03372939301267529,0,None
M2,2025-08-01 22:54:00,32.17987694750023,44.677539147803145,0.06364138980125263,0,None
M3,2025-08-01 22:55:00,30.630889518309836,83.79162588197498,0.04833239711123069,1,Overheating
M2,2025-08-01 22:56:00,26.625329906047238,65.9692401093497,0.08983106604409469,0,None
M2,2025-08-01 22:57:00,25.839693475750718,71.31644566919285,0.03820865232015198,1,Power Failure
M1,2025-08-01 22:58:00,23.536873264238686,64.67831436872811,0.03785291133575577,0,None
M3,2025-08-01 22:59:00,29.613894773884773,73.25840852147925,0.07416695635147126,0,None
M1,2025-08-01 23:00:00,31.262844229983116,83.84532047593906,0.05888396654581344,0,None
M1,2025-08-01 23:01:00,35.50661478867881,54.7840315736733,0.08493477875016693,1,Overheating
M2,2025-08-01 23:02:00,41.36217360223441,78.89037122279892,0.06147488842008827,0,None
M1,2025-08-01 23:03:00,23.61847791730832,84.00399794795283,0.06108449407892079,0,None
M1,2025-08-01 23:04:00,33.477012372751496,58.589914902472614,0.047769823457141126,0,None
M3,2025-08-01 23:05:00,25.975167595737197,64.82816916193931,0.039036672880615075,0,None
M1,2025-08-01 23:06:00,29.36172659240905,64.3939236315269,-0.008588973800045356,0,None
M2,2025-08-01 23:07:00,40.26486012250832,68.02230955294385,0.05378222433207881,0,None
M2,2025-08-01 23:08:00,38.47861438905433,88.97288694773111,0.053133874564930496,1,Bearing Fault
M3,2025-08-01 23:09:00,35.11765322092673,91.0367310306172,0.06192794138235308,0,None
M1,2025-08-01 23:10:00,27.72726140628278,67.81346722564965,0.04817200884981771,0,None
M2,2025-08-01 23:11:00,29.595607510672693,53.62395082543328,0.05239200525334209,0,None
M3,2025-08-01 23:12:00,34.889077748431,48.943530581596754,0.07307180686633852,0,None
M1,2025-08-01 23:13:00,36.93174698631422,43.59102320656294,0.043531242649107925,0,None
M3,2025-08-01 23:14:00,24.947008900355435,64.84781606191757,0.08060390397726702,0,None
M3,2025-08-01 23:15:00,33.324635811508706,56.06168956187077,0.03867742822784864,0,None
M1,2025-08-01 23:16:00,32.48099593681658,64.64683287432341,0.060229991507237235,0,None
M1,2025-08-01 23:17:00,39.675770200301145,61.0250843683279,0.02375635044944435,0,None
M3,2025-08-01 23:18:00,30.22611354499991,70.51197901881085,0.039964316143769364,0,None
M3,2025-08-01 23:19:00,23.137672260579496,64.02576634856771,0.07155803478906651,0,None
M1,2025-08-01 23:20:00,38.56020142008946,52.52363490171739,0.05869540129113783,0,None
M2,2025-08-01 23:21:00,32.37715341263312,71.597177286821,0.04267516605043641,0,None
M3,2025-08-01 23:22:00,36.3975933488008,47.831811606459354,0.060054896149816295,1,Lubrication Issue
M2,2025-08-01 23:23:00,17.53364589834961,73.98449122857879,0.03343205090412702,0,None
M3,2025-08-01 23:24:00,27.09108983303973,58.261200355910276,0.04604124542030637,0,None
M3,2025-08-01 23:25:00,40.339531690817765,81.42699916235183,0.015349119512912929,0,None
M3,2025-08-01 23:26:00,29.48284387854858,57.60947297473358,0.09191687003618318,0,None
M3,2025-08-01 23:27:00,37.97221195874599,82.04674439993704,0.0375180257534858,0,None
M2,2025-08-01 23:28:00,34.39708520568701,59.226239230152416,0.07752992900039075,0,None
M1,2025-08-01 23:29:00,31.565660700065777,67.37854856132094,0.09883008684338937,0,None
M2,2025-08-01 23:30:00,27.342727243203925,54.32140574634544,0.0569341995520984,0,None
M1,2025-08-01 23:31:00,42.55778275792212,69.98263476724304,0.04544224036898676,0,None
M3,2025-08-01 23:32:00,33.20271467537387,71.23078201656182,0.04773743894968519,0,None
M1,2025-08-01 23:33:00,23.503918182770878,78.52595803295102,0.09241136240861003,0,None
M1,2025-08-01 23:34:00,34.791929099210215,70.5166097685108,0.05458149376411405,0,None
M2,2025-08-01 23:35:00,35.371590063577806,82.53088917302077,0.05783341231230543,0,None
M2,2025-08-01 23:36:00,31.603928629663418,71.94051943605874,0.02459877822575936,0,None
M2,2025-08-01 23:37:00,31.434779271508543,63.70647900313315,0.03501568765822156,0,None
M3,2025-08-01 23:38:00,40.62385701508481,83.31339061988403,0.08840735004288522,0,None
M3,2025-08-01 23:39:00,23.88552490222218,55.108535821008715,0.051882485355785525,0,None
M3,2025-08-01 23:40:00,36.197920032207804,66.0377032189824,0.07136758667388032,1,Lubrication Issue
M3,2025-08-01 23:41:00,33.02060444794259,68.92645209285983,0.06998838065355822,0,None
M2,2025-08-01 23:42:00,36.296166198933996,81.46440870400727,0.03053242323945931,0,None
M2,2025-08-01 23:43:00,35.0356666823658,67.23364130838553,0.0590178275042503,0,None
M1,2025-08-01 23:44:00,40.24906047892963,70.00682818957483,0.06564260003062919,0,None
M2,2025-08-01 23:45:00,26.045503091662233,61.93253619790511,0.01614636768978126,0,None
M2,2025-08-01 23:46:00,30.17013705536116,71.11372601840053,0.04641813429967688,0,None
M3,2025-08-01 23:47:00,31.979098905479617,77.60118376256361,0.07108824224438823,1,Power Failure
M3,2025-08-01 23:48:00,25.07098095666087,67.15844902071203,0.07389525723753876,0,None
M3,2025-08-01 23:49:00,34.47323593786936,70.22203934542637,0.020781501226966856,0,None
M3,2025-08-01 23:50:00,39.48883508372988,60.521072827310135,0.03331353909016836,0,None
M3,2025-08-01 23:51:00,33.8201489078643,61.6670504175751,0.037234460686057055,0,None
M1,2025-08-01 23:52:00,28.820150063945142,77.44185710315034,0.05843092167073123,0,None
M2,2025-08-01 23:53:00,31.33409198147701,54.91812145646071,0.026860430497154163,0,None
M2,2025-08-01 23:54:00,25.05021103723993,69.64992389993765,0.03377998272742311,0,None
M3,2025-08-01 23:55:00,24.429767749190034,66.2265792305219,0.06434567162317552,0,None
M1,2025-08-01 23:56:00,32.04026423418378,75.50797572273663,0.0588954761566319,1,Lubrication Issue
M3,2025-08-01 23:57:00,25.871731585989288,58.6560361729351,0.07459548449043873,0,None
M1,2025-08-01 23:58:00,30.8024481198674,92.12531039397243,0.042799214624860346,0,None
M2,2025-08-01 23:59:00,26.359614510723393,68.7110081588181,0.05681308272824283,0,None
M3,2025-08-02 00:00:00,33.65690126287496,75.90422061251464,0.04715706926118908,0,None
M2,2025-08-02 00:01:00,31.69343658960845,74.01918955173923,0.03556073345749742,0,None
M3,2025-08-02 00:02:00,24.284903439631357,78.20158186755485,0.048706227899349634,0,None
M3,2025-08-02 00:03:00,30.364370490077576,67.96272871958402,0.0861303242132402,0,None
M1,2025-08-02 00:04:00,24.402269358084155,66.06470144030271,0.053573894336209515,0,None
M2,2025-08-02 00:05:00,36.146073921485254,70.91100866606122,0.08613069342918667,0,None
M1,2025-08-02 00:06:00,36.37695368999508,68.48285566422771,0.060667184894108994,0,None
M2,2025-08-02 00:07:00,34.197342522592024,74.73050928233212,0.06874654583641754,0,None
M1,2025-08-02 00:08:00,34.36098500036489,66.84913268805892,0.03856507916087877,0,None
M1,2025-08-02 00:09:00,31.663037551620988,70.72724627403288,0.05374591099646437,0,None
M1,2025-08-02 00:10:00,25.418395404632903,61.630792962037205,0.047192498821893275,0,None
M2,2025-08-02 00:11:00,31.538063340945982,59.774146497279084,0.04394077246251398,0,None
M1,2025-08-02 00:12:00,32.12033430759226,70.3944704824074,0.021281809522629452,0,None
M3,2025-08-02 00:13:00,23.420920917862464,42.77722259076855,0.06885090456906943,0,None
M1,2025-08-02 00:14:00,46.215464847973664,93.07916250616111,0.04637101861504967,0,None
M1,2025-08-02 00:15:00,29.468314987343426,54.46572201533208,0.08491742672270314,0,None
M3,2025-08-02 00:16:00,26.889825972228092,75.82737583173865,0.059937471810151945,0,None
M1,2025-08-02 00:17:00,35.348857274919254,53.44631118594198,0.0442899260605777,0,None
M2,2025-08-02 00:18:00,19.90756067805681,71.45063745959382,0.06586351376437355,0,None
M3,2025-08-02 00:19:00,29.389714339393613,55.90893072244023,0.0418272817492666,0,None
M2,2025-08-02 00:20:00,26.426596615047842,75.21279905013814,0.056433570827530005,0,None
M1,2025-08-02 00:21:00,30.8402990298341,70.3390078412546,0.029163049091189427,0,None
M2,2025-08-02 00:22:00,37.14428853906784,55.25867867957894,0.038281446533644896,0,None
M2,2025-08-02 00:23:00,31.64553389355065,68.93512116819453,0.04092415029671832,0,None
M1,2025-08-02 00:24:00,26.538748353670517,50.31076857583917,0.05206876258616213,0,None
M1,2025-08-02 00:25:00,40.21038020071872,67.87571070089534,0.08008428565659848,1,Overheating
M1,2025-08-02 00:26:00,31.61041155383493,69.88907996051398,0.03373971255479741,0,None
M3,2025-08-02 00:27:00,34.116399578388524,72.88411148716061,0.038746159511195345,0,None
M2,2025-08-02 00:28:00,33.32351372666555,64.47079162632699,0.07003649707363875,0,None
M3,2025-08-02 00:29:00,27.512145808073964,59.362103838979685,0.034203051219014916,0,None
M1,2025-08-02 00:30:00,21.144657234559546,74.71542380418205,0.013377102433233,0,None
M3,2025-08-02 00:31:00,23.857780843671186,69.84082154997758,0.06832020639582181,0,None
M2,2025-08-02 00:32:00,29.24839769864064,66.73303786813636,0.029148446106588476,0,None
M2,2025-08-02 00:33:00,24.1388312328168,66.15204465826935,0.055772643017967596,0,None
M1,2025-08-02 00:34:00,30.905313713855413,83.03278037316063,0.06172331600785567,0,None
M3,2025-08-02 00:35:00,27.937930908917597,85.69866436259967,0.05137274096855431,1,Overheating
M1,2025-08-02 00:36:00,29.178323970573043,72.12093353074175,0.03013282600836099,0,None
M3,2025-08-02 00:37:00,24.920605865050106,79.3274360834558,0.005334423612884713,0,None
M2,2025-08-02 00:38:00,25.53606242254058,75.13614464231097,0.05069427497505124,0,None
M3,2025-08-02 00:39:00,20.15747893280973,77.90378525042853,0.07601053717192013,0,None
